0,7_8,4,12,13,14,15,16,17,24
1,2.9140000343322754,786619,20325.0,369.0,255.2,23.2362,114.72348000000001,-1920.0,1
2,3.986999988555908,786619,20200.0,369.0,255.2,23.23938,114.71654,-1920.0,1
3,4.802999973297119,786619,20175.0,369.0,255.2,23.24384,114.71471000000001,-1920.0,1
4,5.917999982833862,786619,20175.0,369.0,255.2,23.24384,114.71471000000001,-1600.0,1
5,11.949000120162964,786619,20000.0,369.0,255.2,23.245639999999998,114.70196000000001,-1600.0,1
6,11.949000120162964,786619,20000.0,371.0,255.3,23.245639999999998,114.70196000000001,-1408.0,1
7,13.019000053405762,786619,20000.0,371.0,255.3,23.25011,114.70016000000001,-1408.0,1
8,13.446000099182129,786619,20000.0,371.0,255.3,23.25011,114.70016000000001,-1152.0,1
9,14.80299997329712,786619,20000.0,371.0,255.3,23.25011,114.70016000000001,-1088.0,1
10,15.200999975204468,786619,19950.0,371.0,255.3,23.25011,114.70016000000001,-1088.0,1
11,15.39300012588501,786619,19950.0,372.0,255.3,23.25011,114.70016000000001,-1088.0,1
12,16.104000091552734,786619,19950.0,372.0,255.3,23.25367,114.69476999999999,-1088.0,1
13,16.866000175476074,786619,19925.0,372.0,255.3,23.25817,114.69315,-1088.0,1
14,17.92799997329712,786619,19900.0,372.0,255.3,23.26258,114.69131000000002,-1088.0,1
15,18.832000017166138,786619,19900.0,372.0,255.3,23.267,114.68933,-1088.0,1
16,18.832000017166138,786619,19900.0,372.0,255.2,23.267,114.68933,-960.0,1
17,19.243000030517578,786619,19875.0,372.0,255.2,23.267,114.68933,-960.0,1
18,19.43400001525879,786619,19875.0,372.0,255.4,23.267,114.68933,-960.0,1
19,19.43400001525879,786619,19875.0,372.0,255.4,23.27188,114.68933,-960.0,1
20,20.009000062942505,786619,19875.0,372.0,255.4,23.27635,114.68753000000001,-960.0,1
21,20.664000034332275,786619,19875.0,372.0,255.4,23.281010000000002,114.68664,-960.0,1
22,21.37000012397766,786619,19850.0,372.0,255.4,23.285610000000002,114.68557,-896.0,1
23,22.082000017166138,786619,19850.0,372.0,255.4,23.29008,114.68373999999999,-896.0,1
24,22.51699995994568,786619,19850.0,372.0,255.4,23.29477,114.68302,-896.0,1
25,23.167999982833862,786619,19825.0,372.0,255.4,23.29477,114.68302,-896.0,1
26,23.167999982833862,786619,19825.0,373.0,255.3,23.29477,114.68302,-896.0,1
27,25.203999996185303,786619,19800.0,373.0,255.3,23.29905,114.68048,-896.0,1
28,25.822999954223633,786619,19775.0,373.0,255.3,23.30784,114.67646,-896.0,1
29,26.549000024795532,786619,19775.0,373.0,255.3,23.3125,114.67558999999999,-896.0,1
30,26.549000024795532,786619,19775.0,374.0,255.3,23.3125,114.67558999999999,-896.0,1
31,28.52500009536743,786619,19750.0,374.0,255.2,23.32161,114.67285,-896.0,1
32,29.42200016975403,786619,19750.0,374.0,255.2,23.33077,114.67031000000001,-896.0,1
33,30.080000162124634,786619,19750.0,375.0,255.2,23.33077,114.67031000000001,-832.0,1
34,30.080000162124634,786619,19725.0,375.0,255.2,23.335379999999997,114.66918999999999,-832.0,1
35,31.420000076293945,786619,19725.0,375.0,255.2,23.34466,114.6672,-832.0,1
36,31.615000009536743,786619,19700.0,375.0,255.2,23.34933,114.66628999999999,-832.0,1
37,32.13199996948242,786619,19700.0,376.0,255.2,23.34933,114.66628999999999,-832.0,1
38,32.13199996948242,786619,19700.0,376.0,255.2,23.354029999999998,114.66558,-832.0,1
39,32.89300012588501,786619,19700.0,376.0,255.2,23.35864,114.66446,-832.0,1
40,34.69700002670288,786619,19675.0,377.0,255.2,23.36785,114.66206000000001,-896.0,1
41,34.89100003242493,786619,19650.0,377.0,255.2,23.37716,114.66026000000001,-896.0,1
42,35.782999992370605,786619,19650.0,377.0,255.2,23.38185,114.65932,-896.0,1
43,35.782999992370605,786619,19650.0,377.0,255.1,23.38185,114.65932,-896.0,1
44,36.585999965667725,786619,19650.0,377.0,255.1,23.39114,114.65749,-896.0,1
45,37.73200011253357,786619,19625.0,377.0,255.1,23.40043,114.65547,-896.0,1
46,38.432000160217285,786619,19625.0,377.0,255.1,23.40505,114.65437,-896.0,1
47,38.432000160217285,786619,19625.0,378.0,255.1,23.40505,114.65437,-832.0,1
48,38.63800001144409,786619,19625.0,378.0,255.2,23.40505,114.65437,-896.0,1
49,40.23300004005432,786619,19600.0,378.0,255.1,23.42361,114.65052,-896.0,1
50,40.651999950408936,786619,19575.0,378.0,255.1,23.42831,114.64981,-896.0,1
51,41.4760000705719,786619,19575.0,379.0,255.2,23.43301,114.64905,-896.0,1
52,42.068000078201294,786619,19550.0,379.0,255.2,23.44238,114.64738,-896.0,1
53,42.25999999046326,786619,19550.0,379.0,255.2,23.44705,114.6465,-896.0,1
54,42.91000008583069,786619,19550.0,379.0,255.1,23.45169,114.64558000000001,-1024.0,1
55,43.49500012397766,786619,19525.0,379.0,255.1,23.45169,114.64558000000001,-1024.0,1
56,43.49500012397766,786619,19525.0,379.0,255.1,23.45169,114.64558000000001,-1088.0,1
57,44.580000162124634,786619,19525.0,379.0,255.1,23.46124,114.64461999999999,-1152.0,1
58,46.032999992370605,786619,19500.0,379.0,255.1,23.474729999999997,114.63983999999999,-1152.0,1
59,46.54299998283386,786619,19500.0,380.0,255.1,23.47961,114.63983999999999,-1216.0,1
60,47.42700004577637,786619,19475.0,380.0,255.1,23.48873,114.63725,-1216.0,1
61,47.42700004577637,786619,19450.0,380.0,255.1,23.48873,114.63725,-1216.0,1
62,48.712000131607056,786619,19450.0,380.0,255.1,23.50299,114.63559,-1216.0,1
63,49.930999994277954,786619,19425.0,382.0,255.0,23.50724,114.63318000000001,-1216.0,1
64,50.807000160217285,786619,19400.0,382.0,255.0,23.51663,114.6315,-1216.0,1
65,50.99900007247925,786619,19400.0,382.0,255.0,23.52134,114.6308,-1216.0,1
66,51.51900005340576,786619,19375.0,382.0,255.0,23.52134,114.6308,-1216.0,1
67,51.712000131607056,786619,19375.0,382.0,255.0,23.52594,114.62965,-1216.0,1
68,51.712000131607056,786619,19375.0,382.0,254.9,23.52594,114.62965,-1216.0,1
69,52.22699999809265,786619,19375.0,382.0,255.0,23.53064,114.62895,-1216.0,1
70,53.38000011444092,786619,19350.0,382.0,255.0,23.54484,114.62705,-1216.0,1
71,54.1470000743866,786619,19325.0,383.0,255.0,23.54929,114.6254,-1216.0,1
72,54.930999994277954,786619,19325.0,383.0,255.0,23.55859,114.62357,-1216.0,1
73,57.72000002861023,786619,19275.0,383.0,255.0,23.57687,114.61851000000001,-1216.0,1
74,57.72000002861023,786619,19275.0,383.0,254.9,23.57687,114.61851000000001,-1216.0,1
75,58.23900008201599,786619,19250.0,383.0,254.9,23.58148,114.61741,-1216.0,1
76,59.84400010108948,786619,19225.0,383.0,254.9,23.595489999999998,114.61482,-1216.0,1
77,60.640000104904175,786619,19200.0,383.0,254.9,23.604870000000002,114.61313999999999,-1216.0,1
78,62.057000160217285,786619,19175.0,383.0,254.9,23.61393,114.61036999999999,-1216.0,1
79,62.91700005531311,786619,19150.0,383.0,254.9,23.623279999999998,114.60866000000001,-1216.0,1
80,64.08200001716614,786619,19150.0,384.0,254.9,23.62794,114.60778,-1216.0,1
81,64.27699995040894,786619,19125.0,384.0,254.9,23.63237,114.60588,-1216.0,1
82,64.27699995040894,786619,19125.0,383.0,254.9,23.63237,114.60588,-1216.0,1
83,66.46000003814697,786619,19100.0,383.0,254.9,23.64605,114.60218,-1216.0,1
84,66.51900005340576,786619,19075.0,383.0,254.9,23.64605,114.60218,-1216.0,1
85,66.93099999427795,786619,19075.0,383.0,255.0,23.64605,114.60218,-1216.0,1
86,67.58000016212463,786619,19075.0,383.0,255.0,23.65073,114.60123999999999,-1280.0,1
87,67.77500009536743,786619,19075.0,383.0,255.0,23.660220000000002,114.60011999999999,-1280.0,1
88,69.95500016212463,786619,19025.0,383.0,255.0,23.6786,114.59548999999998,-1280.0,1
89,71.5,786619,19000.0,383.0,255.0,23.68771,114.59268999999999,-1216.0,1
90,72.87600016593933,786619,18975.0,383.0,255.1,23.70192,114.59105,-1216.0,1
91,73.67200016975403,786619,18950.0,383.0,255.1,23.70632,114.58898,-1216.0,1
92,75.22500014305115,786619,18925.0,384.0,255.1,23.71561,114.5871,-1216.0,1
93,75.22500014305115,786619,18925.0,384.0,255.1,23.720270000000003,114.5862,-1216.0,1
94,78.61199998855591,786619,18850.0,384.0,255.1,23.738120000000002,114.57932,-1216.0,1
95,78.61199998855591,786619,18850.0,383.0,255.1,23.738120000000002,114.57932,-1216.0,1
96,80.73099994659424,786619,18825.0,384.0,255.1,23.75208,114.57652,-1216.0,1
97,80.73099994659424,786619,18825.0,384.0,255.1,23.756729999999997,114.57555,-1216.0,1
98,81.31100010871887,786619,18800.0,384.0,255.1,23.756729999999997,114.57555,-1216.0,1
99,85.89300012588501,786619,18725.0,384.0,255.1,23.80323,114.56603,-1216.0,1
100,85.89300012588501,786619,18725.0,384.0,255.1,23.80323,114.56603,-1152.0,1
101,86.50300002098083,786619,18700.0,384.0,255.1,23.81259,114.56436000000001,-1152.0,1
102,86.89199995994568,786619,18700.0,384.0,255.1,23.81259,114.56436000000001,-1216.0,1
103,88.00200009346008,786619,18675.0,384.0,255.1,23.82186,114.56233,-1216.0,1
104,88.62800002098083,786619,18675.0,384.0,254.9,23.8265,114.56141000000001,-1216.0,1
105,92.0920000076294,786619,18625.0,384.0,254.9,23.8545,114.55617,-1216.0,1
106,92.28200006484985,786619,18600.0,384.0,254.9,23.8545,114.55617,-1216.0,1
107,92.85599994659424,786619,18600.0,383.0,254.9,23.8545,114.55617,-1216.0,1
108,92.85599994659424,786619,18575.0,383.0,254.9,23.858729999999998,114.55339,-1216.0,1
109,93.77100014686584,786619,18550.0,383.0,254.9,23.867910000000002,114.55115,-1216.0,1
110,94.48800015449524,786619,18550.0,384.0,254.9,23.867910000000002,114.55115,-1216.0,1
111,94.48800015449524,786619,18550.0,384.0,254.9,23.87259,114.55022,-1216.0,1
112,95.37600016593933,786619,18525.0,384.0,254.9,23.88182,114.5482,-1216.0,1
113,96.24100017547607,786619,18525.0,383.0,255.0,23.8865,114.54727,-1216.0,1
114,96.24100017547607,786619,18500.0,383.0,255.0,23.8865,114.54727,-1216.0,1
115,96.43400001525879,786619,18500.0,383.0,255.0,23.89114,114.54635,-1216.0,1
116,97.85800004005432,786619,18500.0,382.0,255.0,23.89562,114.54468,-1280.0,1
117,98.27600002288818,786619,18475.0,382.0,255.0,23.90496,114.54301000000001,-1280.0,1
118,98.89300012588501,786619,18450.0,382.0,254.9,23.909570000000002,114.54186000000001,-1280.0,1
119,102.2020001411438,786619,18400.0,382.0,255.0,23.93758,114.53648999999999,-1280.0,1
120,103.61199998855591,786619,18375.0,381.0,254.9,23.946620000000003,114.53372,-1280.0,1
121,103.80700016021729,786619,18375.0,381.0,254.9,23.95129,114.53283,-1280.0,1
122,104.01600003242493,786619,18350.0,381.0,254.9,23.95599,114.53206000000002,-1280.0,1
123,106.08400011062622,786619,18325.0,381.0,254.9,23.97465,114.52858,-1280.0,1
124,106.27500009536743,786619,18300.0,381.0,254.9,23.97465,114.52858,-1280.0,1
125,107.0329999923706,786619,18300.0,381.0,254.9,23.98418,114.52763999999999,-1280.0,1
126,107.55299997329712,786619,18275.0,381.0,254.9,23.9886,114.52581,-1280.0,1
127,107.55299997329712,786619,18275.0,380.0,255.1,23.9886,114.52581,-1280.0,1
128,109.57200002670288,786619,18250.0,380.0,255.1,24.007279999999998,114.52228000000001,-1280.0,1
129,109.77600002288818,786619,18250.0,379.0,255.1,24.01194,114.52138000000001,-1280.0,1
130,113.85599994659424,786619,18175.0,379.0,255.1,24.0446,114.51513,-1280.0,1
131,114.04900002479553,786619,18150.0,379.0,255.1,24.0446,114.51513,-1280.0,1
132,114.48900008201599,786619,18150.0,379.0,255.1,24.048920000000003,114.51288999999998,-1280.0,1
133,115.21099996566772,786619,18125.0,379.0,255.1,24.05361,114.512,-1280.0,1
134,115.68799996376038,786619,18125.0,378.0,255.0,24.058220000000002,114.51106000000001,-1280.0,1
135,115.88800001144409,786619,18125.0,378.0,255.0,24.062910000000002,114.51015,-1280.0,1
136,117.45900011062622,786619,18075.0,378.0,255.0,24.07688,114.5074,-1280.0,1
137,117.45900011062622,786619,18075.0,378.0,255.1,24.07688,114.5074,-1280.0,1
138,118.40199995040894,786619,18075.0,377.0,255.1,24.081570000000003,114.50668,-1280.0,1
139,118.40199995040894,786619,18075.0,377.0,255.1,24.08645,114.50668,-1280.0,1
140,118.97200012207031,786619,18050.0,377.0,255.1,24.08645,114.50668,-1280.0,1
141,119.16700005531311,786619,18050.0,377.0,255.1,24.09554,114.50391,-1280.0,1
142,120.75999999046326,786619,18025.0,377.0,255.1,24.10955,114.50136,-1280.0,1
143,123.47099995613098,786619,17975.0,377.0,255.1,24.13274,114.49622,-1280.0,1
144,123.47099995613098,786619,17975.0,377.0,255.1,24.13274,114.49622,-1216.0,1
145,124.18600010871887,786619,17975.0,378.0,254.9,24.13274,114.49622,-1216.0,1
146,124.82000017166138,786619,17950.0,378.0,254.9,24.14208,114.49458,-1216.0,1
147,125.01200008392334,786619,17950.0,378.0,254.9,24.14679,114.49387,-1216.0,1
148,125.01200008392334,786619,17950.0,376.0,254.9,24.14679,114.49387,-1152.0,1
149,125.01200008392334,786619,17925.0,376.0,254.9,24.14679,114.49387,-1152.0,1
150,125.47699999809265,786619,17925.0,376.0,254.9,24.14679,114.49387,-1024.0,1
151,125.8840000629425,786619,17925.0,376.0,254.9,24.15633,114.49292,-1024.0,1
152,127.02900004386902,786619,17900.0,376.0,254.9,24.165429999999997,114.4902,-1024.0,1
153,127.59400010108948,786619,17900.0,376.0,254.9,24.17008,114.48926999999999,-1024.0,1
154,129.36800003051758,786619,17875.0,375.0,254.9,24.18381,114.48563,-960.0,1
155,131.08700013160706,786619,17850.0,375.0,254.9,24.19791,114.48343,-960.0,1
156,131.30200004577637,786619,17825.0,375.0,254.9,24.20233,114.48163000000001,-960.0,1
157,131.30200004577637,786619,17825.0,375.0,254.9,24.20233,114.48163000000001,-896.0,1
158,132.66799998283386,786619,17825.0,375.0,254.9,24.21174,114.48019,-896.0,1
159,132.66799998283386,786619,17825.0,375.0,254.8,24.21174,114.48019,-896.0,1
160,134.42400002479553,786619,17800.0,376.0,254.7,24.22111,114.47856000000002,-960.0,1
161,134.61800003051758,786619,17800.0,376.0,254.7,24.230220000000003,114.47583999999999,-960.0,1
162,134.61800003051758,786619,17800.0,375.0,254.8,24.230220000000003,114.47583999999999,-896.0,1
163,137.45300006866455,786619,17750.0,375.0,254.8,24.24859,114.47128000000001,-896.0,1
164,137.84800004959106,786619,17750.0,375.0,254.8,24.25325,114.47016,-896.0,1
165,138.5110001564026,786619,17750.0,374.0,255.0,24.25325,114.47016,-896.0,1
166,138.70500016212463,786619,17725.0,374.0,255.0,24.25776,114.46874,-896.0,1
167,139.39600014686584,786619,17725.0,374.0,255.3,24.25776,114.46874,-896.0,1
168,139.58700013160706,786619,17725.0,374.0,255.6,24.25776,114.46874,-896.0,1
169,140.40000009536743,786619,17725.0,374.0,255.9,24.26214,114.46655,-960.0,1
170,140.93200016021729,786619,17725.0,374.0,256.1,24.26214,114.46655,-960.0,1
171,141.12700009346008,786619,17700.0,374.0,256.1,24.26214,114.46655,-960.0,1
172,141.5770001411438,786619,17700.0,374.0,256.5,24.26214,114.46655,-960.0,1
173,141.77100014686584,786619,17675.0,374.0,256.5,24.26618,114.46271000000002,-960.0,1
174,142.3400001525879,786619,17700.0,374.0,256.8,24.26618,114.46271000000002,-960.0,1
175,142.3400001525879,786619,17675.0,374.0,256.8,24.27088,114.46196,-960.0,1
176,143.53999996185303,786619,17675.0,373.0,257.0,24.27544,114.46035,-960.0,1
177,144.03200006484985,786619,17650.0,373.0,257.0,24.280079999999998,114.45923,-960.0,1
178,144.91400003433228,786619,17650.0,373.0,257.6,24.28481,114.45831000000001,-960.0,1
179,144.91400003433228,786619,17650.0,373.0,257.6,24.289479999999998,114.4574,-960.0,1
180,145.13100004196167,786619,17625.0,373.0,257.6,24.289479999999998,114.4574,-960.0,1
181,145.81200003623962,786619,17625.0,374.0,258.1,24.29413,114.45628,-960.0,1
182,145.81200003623962,786619,17625.0,374.0,258.1,24.29886,114.45537,-960.0,1
183,146.62000012397766,786619,17625.0,373.0,258.4,24.29886,114.45537,-960.0,1
184,146.81700015068054,786619,17600.0,373.0,258.4,24.30827,114.45352,-960.0,1
185,147.864000082016,786619,17600.0,373.0,258.4,24.31296,114.45241999999999,-960.0,1
186,147.864000082016,786619,17600.0,374.0,258.8,24.31296,114.45241999999999,-960.0,1
187,148.05299997329712,786619,17600.0,374.0,258.8,24.3177,114.45172,-960.0,1
188,148.893000125885,786619,17575.0,374.0,258.8,24.32241,114.45062,-960.0,1
189,149.52300000190735,786619,17575.0,373.0,259.5,24.32241,114.45062,-896.0,1
190,151.12700009346008,786619,17550.0,373.0,259.8,24.33642,114.44693000000001,-896.0,1
191,151.12700009346008,786619,17550.0,373.0,259.8,24.34115,114.446,-896.0,1
192,151.6840000152588,786619,17550.0,373.0,260.3,24.34115,114.446,-960.0,1
193,151.6840000152588,786619,17550.0,373.0,260.3,24.34592,114.44508,-960.0,1
194,151.87600016593933,786619,17525.0,373.0,260.3,24.34592,114.44508,-960.0,1
195,151.87600016593933,786619,17525.0,373.0,260.3,24.35064,114.44412,-960.0,1
196,152.5090000629425,786619,17525.0,373.0,260.3,24.35537,114.44323,-960.0,1
197,153.34800004959106,786619,17525.0,374.0,260.5,24.36025,114.44323,-896.0,1
198,153.34800004959106,786619,17525.0,374.0,260.6,24.36025,114.44323,-896.0,1
199,153.5440001487732,786619,17525.0,374.0,260.9,24.36025,114.44323,-960.0,1
200,154.29999995231628,786619,17500.0,374.0,260.9,24.3696,114.44023999999999,-960.0,1
201,154.29999995231628,786619,17500.0,373.0,261.1,24.3696,114.44023999999999,-960.0,1
202,155.33400011062622,786619,17475.0,373.0,261.4,24.3791,114.43838999999998,-896.0,1
203,155.7810001373291,786619,17475.0,373.0,261.7,24.3791,114.43838999999998,-960.0,1
204,155.7810001373291,786619,17475.0,373.0,261.7,24.383979999999998,114.43838999999998,-960.0,1
205,156.64800000190735,786619,17475.0,373.0,261.7,24.39343,114.43579,-960.0,1
206,156.64800000190735,786619,17475.0,373.0,261.9,24.39343,114.43579,-960.0,1
207,156.85000014305115,786619,17450.0,373.0,261.9,24.39818,114.43486999999999,-960.0,1
208,157.22500014305115,786619,17450.0,373.0,262.0,24.39818,114.43486999999999,-960.0,1
209,157.61600017547607,786619,17450.0,373.0,262.5,24.40307,114.43486999999999,-896.0,1
210,158.6670000553131,786619,17425.0,373.0,262.5,24.4125,114.4321,-896.0,1
211,159.21900010108948,786619,17425.0,373.0,262.6,24.4173,114.43135,-896.0,1
212,160.74100017547607,786619,17400.0,373.0,262.6,24.43163,114.42875,-896.0,1
213,160.74100017547607,786619,17400.0,372.0,262.8,24.43163,114.42875,-896.0,1
214,160.94400000572205,786619,17400.0,372.0,262.8,24.436410000000002,114.4278,-896.0,1
215,161.59400010108948,786619,17400.0,373.0,262.6,24.4413,114.4278,-896.0,1
216,162.44000005722046,786619,17375.0,373.0,262.6,24.4507,114.42485,-896.0,1
217,164.85199999809265,786619,17375.0,373.0,262.5,24.47,114.42296,-896.0,1
218,166.37800002098083,786619,17325.0,373.0,262.5,24.4791,114.41756000000001,-896.0,1
219,169.31700015068054,786619,17275.0,373.0,262.5,24.50287,114.41202,-896.0,1
220,169.92000007629395,786619,17275.0,373.0,262.5,24.50763,114.41106,-896.0,1
221,169.92000007629395,786619,17275.0,373.0,262.5,24.50763,114.41106,-960.0,1
222,172.4869999885559,786619,17225.0,373.0,262.5,24.53163,114.40776000000001,-960.0,1
223,172.68600010871887,786619,17225.0,373.0,262.5,24.53633,114.40587,-960.0,1
224,172.68600010871887,786619,17225.0,374.0,262.4,24.53633,114.40587,-960.0,1
225,173.47500014305115,786619,17225.0,373.0,262.5,24.541079999999997,114.40493000000001,-960.0,1
226,174.44700002670288,786619,17200.0,373.0,262.5,24.55061,114.40292,-960.0,1
227,174.64000010490417,786619,17200.0,373.0,262.5,24.55539,114.40216000000001,-960.0,1
228,175.7039999961853,786619,17175.0,373.0,262.5,24.56493,114.40033000000001,-960.0,1
229,177.5039999485016,786619,17150.0,373.0,262.5,24.58405,114.39697,-960.0,1
230,178.4340000152588,786619,17150.0,373.0,262.5,24.59361,114.39528999999999,-960.0,1
231,178.82200002670288,786619,17125.0,373.0,262.5,24.5984,114.39453999999999,-960.0,1
232,182.27100014686584,786619,17075.0,373.0,262.5,24.63186,114.38825,-960.0,1
233,183.1930000782013,786619,17075.0,373.0,262.5,24.6414,114.3864,-960.0,1
234,184.70500016212463,786619,17050.0,373.0,262.6,24.65089,114.38436000000002,-960.0,1
235,184.70500016212463,786619,17050.0,373.0,262.6,24.65578,114.38436000000002,-960.0,1
236,185.5369999408722,786619,17025.0,373.0,262.6,24.665229999999998,114.38156000000001,-960.0,1
237,187.3970000743866,786619,17000.0,373.0,262.6,24.679679999999998,114.37988,-960.0,1
238,188.79299998283386,786619,16975.0,373.0,262.6,24.69387,114.37617,-960.0,1
239,192.58400011062622,786619,16925.0,373.0,262.6,24.72736,114.37021999999999,-960.0,1
240,192.77900004386902,786619,16925.0,373.0,262.6,24.732039999999998,114.36856999999999,-960.0,1
241,193.28200006484985,786619,16900.0,373.0,262.6,24.732039999999998,114.36856999999999,-960.0,1
242,194.05299997329712,786619,16900.0,373.0,262.6,24.73667,114.36651,-960.0,1
243,194.54900002479553,786619,16900.0,371.0,262.7,24.73667,114.36651,-960.0,1
244,195.42000007629395,786619,16875.0,371.0,262.7,24.7461,114.36373,-960.0,1
245,196.27100014686584,786619,16875.0,371.0,262.7,24.76057,114.36208,-960.0,1
246,196.27100014686584,786619,16875.0,372.0,262.6,24.76057,114.36208,-960.0,1
247,198.47900009155273,786619,16825.0,372.0,262.6,24.77964,114.35837,-960.0,1
248,199.29700016975403,786619,16825.0,372.0,262.6,24.789360000000002,114.3576,-960.0,1
249,200.0130000114441,786619,16800.0,372.0,262.6,24.79401,114.35576999999999,-960.0,1
250,201.29500007629395,786619,16800.0,372.0,262.6,24.80341,114.35282,-960.0,1
251,202.47900009155273,786619,16775.0,371.0,262.6,24.80818,114.3519,-960.0,1
252,202.47900009155273,786619,16775.0,371.0,262.6,24.81296,114.3508,-960.0,1
253,203.4079999923706,786619,16750.0,371.0,262.6,24.82251,114.34895,-960.0,1
254,203.4079999923706,786619,16750.0,370.0,262.7,24.82251,114.34895,-960.0,1
255,204.31700015068054,786619,16750.0,370.0,262.7,24.832060000000002,114.34728,-960.0,1
256,205.23200011253357,786619,16725.0,370.0,262.7,24.84168,114.34616000000001,-960.0,1
257,205.75300002098083,786619,16725.0,370.0,262.7,24.84638,114.3445,-960.0,1
258,208.58599996566772,786619,16700.0,370.0,262.7,24.86536,114.33985,-896.0,1
259,210.23200011253357,786619,16675.0,372.0,262.6,24.87965,114.33676000000001,-896.0,1
260,210.23200011253357,786619,16675.0,371.0,262.6,24.87965,114.33676000000001,-896.0,1
261,211.51699995994568,786619,16650.0,371.0,262.6,24.89392,114.3336,-896.0,1
262,212.02300000190735,786619,16625.0,371.0,262.6,24.89392,114.3336,-896.0,1
263,213.16799998283386,786619,16625.0,371.0,262.6,24.908260000000002,114.33081999999999,-896.0,1
264,215.58700013160706,786619,16575.0,371.0,262.6,24.91753,114.32678,-896.0,1
265,215.58700013160706,786619,16575.0,370.0,262.6,24.91753,114.32678,-896.0,1
266,217.59599995613098,786619,16550.0,370.0,262.4,24.931829999999998,114.32404,-896.0,1
267,218.39100003242493,786619,16525.0,370.0,262.4,24.94611,114.32068000000001,-896.0,1
268,218.39100003242493,786619,16525.0,370.0,262.4,24.94611,114.32068000000001,-960.0,1
269,220.24699997901917,786619,16525.0,370.0,262.4,24.96053,114.31885,-960.0,1
270,221.49900007247925,786619,16500.0,369.0,262.4,24.96513,114.31683999999998,-960.0,1
271,222.29700016975403,786619,16475.0,369.0,262.4,24.974629999999998,114.31464,-960.0,1
272,222.48800015449524,786619,16475.0,369.0,262.4,24.97937,114.31353999999999,-960.0,1
273,223.16400003433228,786619,16475.0,369.0,262.4,24.988960000000002,114.31205,-960.0,1
274,225.30800008773804,786619,16450.0,369.0,262.4,24.9983,114.30856999999999,-960.0,1
275,225.90000009536743,786619,16425.0,370.0,262.3,25.00309,114.30745,-960.0,1
276,227.5369999408722,786619,16400.0,369.0,262.4,25.01246,114.30435,-960.0,1
277,227.5369999408722,786619,16400.0,369.0,262.4,25.01246,114.30435,-896.0,1
278,228.8420000076294,786619,16375.0,369.0,262.4,25.02196,114.30216000000001,-896.0,1
279,229.42400002479553,786619,16375.0,368.0,262.4,25.02196,114.30216000000001,-960.0,1
280,229.42400002479553,786619,16375.0,368.0,262.4,25.02672,114.30125,-960.0,1
281,231.35700011253357,786619,16350.0,368.0,262.4,25.041,114.2983,-960.0,1
282,232.67700004577637,786619,16350.0,368.0,262.3,25.04569,114.29666,-960.0,1
283,233.8619999885559,786619,16325.0,368.0,262.4,25.05513,114.29406999999999,-960.0,1
284,233.8619999885559,786619,16300.0,368.0,262.4,25.05513,114.29406999999999,-960.0,1
285,233.8619999885559,786619,16300.0,368.0,262.4,25.05989,114.29297,-960.0,1
286,234.80400013923645,786619,16300.0,368.0,262.4,25.069470000000003,114.29133,-960.0,1
287,236.57500004768372,786619,16250.0,368.0,262.4,25.08376,114.28856999999999,-960.0,1
288,237.03999996185303,786619,16250.0,368.0,262.4,25.0885,114.28748,-960.0,1
289,237.03999996185303,786619,16250.0,368.0,262.3,25.0885,114.28748,-960.0,1
290,238.41400003433228,786619,16250.0,369.0,262.4,25.09802,114.28543,-960.0,1
291,239.82400012016296,786619,16225.0,369.0,262.4,25.112370000000002,114.28268,-960.0,1
292,240.54100012779236,786619,16225.0,369.0,262.4,25.122020000000003,114.28177,-960.0,1
293,240.73300004005432,786619,16200.0,369.0,262.4,25.122020000000003,114.28177,-960.0,1
294,241.24300003051758,786619,16200.0,370.0,262.3,25.122020000000003,114.28177,-960.0,1
295,242.1470000743866,786619,16200.0,369.0,262.4,25.131420000000002,114.27887,-960.0,1
296,242.1470000743866,786619,16175.0,369.0,262.4,25.13619,114.27793999999999,-960.0,1
297,242.72099995613098,786619,16175.0,369.0,262.4,25.14096,114.27698999999998,-960.0,1
298,242.72099995613098,786619,16175.0,369.0,262.4,25.14096,114.27698999999998,-896.0,1
299,242.91400003433228,786619,16175.0,369.0,262.4,25.1457,114.27592,-896.0,1
300,243.5350000858307,786619,16175.0,369.0,262.4,25.1457,114.27592,-960.0,1
301,243.5350000858307,786619,16150.0,369.0,262.4,25.150489999999998,114.27516000000001,-960.0,1
302,244.82800006866455,786619,16150.0,370.0,262.4,25.164820000000002,114.27238999999999,-960.0,1
303,245.22500014305115,786619,16125.0,370.0,262.4,25.164820000000002,114.27238999999999,-960.0,1
304,245.41799998283386,786619,16125.0,370.0,262.4,25.169610000000002,114.2717,-960.0,1
305,245.41799998283386,786619,16125.0,369.0,262.4,25.169610000000002,114.2717,-960.0,1
306,247.2480001449585,786619,16100.0,369.0,262.4,25.18393,114.26895,-960.0,1
307,247.74100017547607,786619,16100.0,369.0,262.4,25.18393,114.26895,-896.0,1
308,247.74100017547607,786619,16100.0,369.0,262.4,25.18869,114.26799999999999,-896.0,1
309,248.45500016212463,786619,16100.0,369.0,262.4,25.19826,114.26636,-896.0,1
310,248.65400004386902,786619,16075.0,369.0,262.4,25.19826,114.26636,-896.0,1
311,249.30599999427795,786619,16075.0,369.0,262.4,25.20776,114.26435,-896.0,1
312,249.94799995422363,786619,16075.0,370.0,262.4,25.20776,114.26435,-896.0,1
313,250.5970001220703,786619,16075.0,370.0,262.6,25.20776,114.26435,-960.0,1
314,252.19000005722046,786619,16025.0,370.0,262.6,25.22198,114.26046000000001,-960.0,1
315,252.6100001335144,786619,16025.0,370.0,262.4,25.22198,114.26046000000001,-960.0,1
316,253.57000017166138,786619,16025.0,370.0,262.4,25.231370000000002,114.25751000000001,-896.0,1
317,253.57000017166138,786619,16000.0,370.0,262.4,25.23615,114.25661000000001,-896.0,1
318,254.68200016021729,786619,16000.0,370.0,262.4,25.24573,114.25511999999999,-896.0,1
319,258.17700004577637,786619,15950.0,370.0,262.3,25.27431,114.24942,-960.0,1
320,258.17700004577637,786619,15950.0,370.0,262.3,25.27919,114.24942,-960.0,1
321,259.8440001010895,786619,15900.0,370.0,262.2,25.28845,114.24535,-896.0,1
322,261.1619999408722,786619,15900.0,370.0,262.1,25.29799,114.24351999999999,-896.0,1
323,261.1619999408722,786619,15900.0,370.0,262.1,25.302870000000002,114.24351999999999,-896.0,1
324,261.8220000267029,786619,15875.0,370.0,262.1,25.30754,114.24148000000001,-896.0,1
325,262.55200004577637,786619,15875.0,370.0,262.2,25.31233,114.24073,-896.0,1
326,262.7430000305176,786619,15875.0,370.0,262.2,25.31707,114.23964,-896.0,1
327,264.7060000896454,786619,15850.0,371.0,262.3,25.33138,114.23691000000001,-896.0,1
328,266.89600014686584,786619,15825.0,371.0,262.3,25.35031,114.23208000000001,-896.0,1
329,268.4680001735687,786619,15800.0,371.0,262.3,25.36458,114.22935,-896.0,1
330,268.6640000343323,786619,15800.0,370.0,262.3,25.36458,114.22935,-896.0,1
331,269.5629999637604,786619,15775.0,370.0,262.3,25.37412,114.2275,-896.0,1
332,269.5629999637604,786619,15775.0,371.0,262.3,25.37412,114.2275,-896.0,1
333,270.4670000076294,786619,15775.0,371.0,262.4,25.37888,114.22635,-896.0,1
334,271.42000007629395,786619,15750.0,371.0,262.4,25.388270000000002,114.22341000000002,-896.0,1
335,272.12400007247925,786619,15750.0,371.0,262.4,25.39307,114.22266,-960.0,1
336,274.45700001716614,786619,15700.0,371.0,262.4,25.407239999999998,114.2188,-960.0,1
337,274.8860001564026,786619,15700.0,371.0,262.4,25.412,114.21786000000002,-960.0,1
338,275.3220000267029,786619,15700.0,371.0,262.4,25.41676,114.21676000000001,-896.0,1
339,275.7890000343323,786619,15700.0,371.0,262.4,25.42154,114.21601000000001,-896.0,1
340,276.42000007629395,786619,15675.0,371.0,262.4,25.42636,114.21513999999999,-640.0,1
341,276.6180000305176,786619,15675.0,371.0,262.4,25.43115,114.21438,-640.0,1
342,276.6180000305176,786619,15675.0,371.0,262.4,25.43115,114.21438,-384.0,1
343,277.12199997901917,786619,15675.0,370.0,262.4,25.43115,114.21438,-384.0,1
344,277.6400001049042,786619,15675.0,370.0,262.4,25.44067,114.21236999999999,-384.0,1
345,277.83700013160706,786619,15675.0,371.0,262.4,25.44067,114.21236999999999,-256.0,1
346,278.029000043869,786619,15675.0,371.0,262.4,25.445429999999998,114.21143000000001,-256.0,1
347,278.7079999446869,786619,15675.0,371.0,262.4,25.445429999999998,114.21143000000001,-128.0,1
348,278.7079999446869,786619,15675.0,371.0,262.4,25.450210000000002,114.21051999999999,-128.0,1
349,278.90000009536743,786619,15675.0,371.0,262.4,25.45497,114.20958999999999,-128.0,1
350,279.48200011253357,786619,15675.0,371.0,262.6,25.45975,114.20883,0.0,1
351,280.7369999885559,786619,15675.0,370.0,262.4,25.46454,114.20792,0.0,1
352,280.7369999885559,786619,15675.0,370.0,262.4,25.46942,114.20792,0.0,1
353,281.57299995422363,786619,15675.0,370.0,262.4,25.47883,114.20517,0.0,1
354,281.7650001049042,786619,15675.0,370.0,262.4,25.483610000000002,114.20441000000001,0.0,1
355,282.875,786619,15675.0,370.0,262.4,25.49329,114.20348,0.0,1
356,283.4930000305176,786619,15675.0,370.0,262.4,25.49795,114.20146000000001,0.0,1
357,286.4140000343323,786619,15675.0,370.0,262.6,25.52178,114.19684,0.0,1
358,288.3270001411438,786619,15675.0,370.0,262.4,25.535970000000002,114.19318999999999,0.0,1
359,288.3270001411438,786619,15675.0,370.0,262.4,25.54085,114.19318999999999,0.0,1
360,290.5570001602173,786619,15675.0,370.0,262.4,25.55995,114.1893,0.0,1
361,293.78400015830994,786619,15675.0,370.0,262.4,25.58841,114.18269,0.0,1
362,293.9850001335144,786619,15675.0,370.0,262.4,25.59321,114.18193000000001,0.0,1
363,298.67000007629395,786619,15675.0,370.0,262.4,25.60274,114.17991,128.0,1
364,299.89600014686584,786619,15675.0,370.0,262.4,25.61157,114.17236000000001,0.0,1
365,301.6730000972748,786619,15675.0,370.0,262.4,25.635460000000002,114.16812,0.0,1
366,301.6730000972748,786619,15675.0,369.0,262.4,25.635460000000002,114.16812,0.0,1
367,302.7430000305176,786619,15675.0,369.0,262.4,25.64516,114.16723,0.0,1
368,304.7060000896454,786619,15675.0,369.0,262.4,25.664089999999998,114.16263000000001,0.0,1
369,304.9320001602173,786619,15675.0,370.0,262.3,25.664089999999998,114.16263000000001,0.0,1
370,305.5420000553131,786619,15675.0,369.0,262.4,25.66897,114.16263000000001,0.0,1
371,306.50100016593933,786619,15675.0,369.0,262.4,25.678420000000003,114.15985,0.0,1
372,306.5020000934601,786619,15675.0,369.0,262.4,25.68321,114.15893999999999,0.0,1
373,309.4910001754761,786619,15675.0,370.0,262.3,25.71186,114.15365,0.0,1
374,310.1760001182556,786619,15675.0,369.0,262.4,25.716620000000002,114.15268999999999,0.0,1
375,314.64600014686584,786619,15675.0,369.0,262.4,25.75465,114.14443999999999,0.0,1
376,316.2480001449585,786619,15675.0,369.0,262.4,25.76896,114.14171,0.0,1
377,316.63700008392334,786619,15675.0,369.0,262.4,25.773770000000003,114.14078,0.0,1
378,316.63700008392334,786619,15675.0,368.0,262.3,25.773770000000003,114.14078,0.0,1
379,317.5480000972748,786619,15675.0,369.0,262.4,25.77851,114.13986000000001,0.0,1
380,317.5480000972748,786619,15675.0,369.0,262.4,25.78331,114.13895,0.0,1
381,318.89600014686584,786619,15700.0,369.0,262.4,25.79279,114.13691000000001,0.0,1
382,320.82299995422363,786619,15700.0,369.0,262.4,25.81191,114.13345,0.0,1
383,321.4520001411438,786619,15700.0,368.0,262.5,25.81671,114.13252,0.0,1
384,322.404000043869,786619,15700.0,368.0,262.5,25.82137,114.13067,0.0,1
385,322.40700006484985,786619,15700.0,368.0,262.5,25.82616,114.12997,0.0,1
386,323.3860001564026,786619,15700.0,369.0,262.5,25.83105,114.12997,0.0,1
387,326.172000169754,786619,15700.0,369.0,262.5,25.85473,114.12408,0.0,1
388,326.3710000514984,786619,15700.0,369.0,262.5,25.85952,114.12333000000001,0.0,1
389,326.9320001602173,786619,15700.0,369.0,262.5,25.86426,114.12223,0.0,1
390,326.9320001602173,786619,15700.0,369.0,262.7,25.86426,114.12223,0.0,1
391,328.4590001106262,786619,15700.0,369.0,262.7,25.88344,114.11894,0.0,1
392,328.6510000228882,786619,15700.0,369.0,262.7,25.88823,114.11823999999999,0.0,1
393,330.2669999599457,786619,15700.0,369.0,262.7,25.90266,114.11639,0.0,1
394,330.7880001068115,786619,15700.0,369.0,262.7,25.90731,114.11453999999999,0.0,1
395,330.7880001068115,786619,15700.0,368.0,262.7,25.90731,114.11453999999999,0.0,1
396,332.34800004959106,786619,15700.0,368.0,262.7,25.92173,114.11268999999999,0.0,1
397,333.24500012397766,786619,15700.0,369.0,262.7,25.93122,114.11015,0.0,1
398,334.52699995040894,786619,15700.0,368.0,262.7,25.936,114.10923999999999,0.0,1
399,334.52699995040894,786619,15700.0,368.0,262.7,25.94089,114.10923999999999,0.0,1
400,335.297000169754,786619,15700.0,368.0,262.7,25.95034,114.10665,0.0,1
401,339.00100016593933,786619,15700.0,368.0,262.7,25.97878,114.09951000000001,0.0,1
402,339.6340000629425,786619,15700.0,368.0,262.6,25.98366,114.09951000000001,0.0,1
403,341.7890000343323,786619,15700.0,368.0,262.5,25.997970000000002,114.09637,0.0,1
404,342.2850000858307,786619,15700.0,368.0,262.5,26.00735,114.09348,0.0,1
405,345.1779999732971,786619,15700.0,368.0,262.5,26.03131,114.08946,0.0,1
406,347.45700001716614,786619,15700.0,368.0,262.5,26.055120000000002,114.08468,0.0,1
407,348.0510001182556,786619,15675.0,368.0,262.5,26.05978,114.08285,-64.0,1
408,348.5620000362396,786619,15675.0,368.0,262.5,26.06459,114.08193,-64.0,1
409,349.26399993896484,786619,15675.0,368.0,262.5,26.06936,114.08101,-256.0,1
410,349.46399998664856,786619,15675.0,368.0,262.5,26.06936,114.08101,-512.0,1
411,350.1400001049042,786619,15675.0,368.0,262.5,26.078870000000002,114.07898999999999,-512.0,1
412,350.75600004196167,786619,15650.0,368.0,262.5,26.08364,114.07806000000001,-512.0,1
413,350.75600004196167,786619,15650.0,369.0,262.5,26.08364,114.07806000000001,-768.0,1
414,350.87400007247925,786619,15650.0,369.0,262.5,26.08843,114.07735,-768.0,1
415,351.7150001525879,786619,15650.0,369.0,262.5,26.08843,114.07735,-960.0,1
416,352.55200004577637,786619,15625.0,369.0,262.5,26.09795,114.07529,-960.0,1
417,352.7480001449585,786619,15625.0,369.0,262.5,26.102710000000002,114.0744,-960.0,1
418,353.0620000362396,786619,15625.0,369.0,262.5,26.102710000000002,114.0744,-1088.0,1
419,353.5150001049042,786619,15600.0,369.0,262.5,26.112289999999998,114.07257,-1088.0,1
420,354.46200013160706,786619,15600.0,369.0,262.5,26.11704,114.07163999999999,-1152.0,1
421,354.65199995040894,786619,15600.0,369.0,262.5,26.12182,114.0709,-1152.0,1
422,354.65199995040894,786619,15600.0,369.0,262.5,26.12182,114.0709,-1216.0,1
423,356.2760000228882,786619,15575.0,369.0,262.5,26.1361,114.06778999999999,-1216.0,1
424,356.2760000228882,786619,15575.0,370.0,262.4,26.1361,114.06778999999999,-1216.0,1
425,356.69799995422363,786619,15550.0,370.0,262.4,26.1409,114.06703,-1216.0,1
426,357.62199997901917,786619,15525.0,369.0,262.7,26.150479999999998,114.0652,-1216.0,1
427,359.422000169754,786619,15500.0,369.0,262.7,26.16476,114.06225,-1280.0,1
428,359.62199997901917,786619,15500.0,369.0,262.7,26.16955,114.06153,-1280.0,1
429,362.0,786619,15475.0,370.0,262.9,26.183870000000002,114.05858,-1216.0,1
430,363.47500014305115,786619,15425.0,370.0,262.9,26.19339,114.05656,-1216.0,1
431,363.47500014305115,786619,15450.0,370.0,262.9,26.19827,114.05656,-1216.0,1
432,364.7079999446869,786619,15400.0,370.0,262.9,26.20758,114.05247,-1152.0,1
433,365.5420000553131,786619,15400.0,370.0,262.9,26.217259999999996,114.05176999999999,-1152.0,1
434,366.64800000190735,786619,15375.0,371.0,262.9,26.22192,114.04973000000001,-1152.0,1
435,366.64800000190735,786619,15375.0,371.0,262.9,26.226709999999997,114.04876999999999,-1152.0,1
436,367.24500012397766,786619,15350.0,371.0,262.9,26.23145,114.04767,-1152.0,1
437,368.05599999427795,786619,15325.0,371.0,262.9,26.24104,114.04602,-1152.0,1
438,368.65700006484985,786619,15325.0,371.0,262.9,26.24578,114.0449,-1152.0,1
439,369.364000082016,786619,15325.0,371.0,262.7,26.24578,114.0449,-1216.0,1
440,369.364000082016,786619,15325.0,371.0,262.7,26.25058,114.04398,-1216.0,1
441,369.364000082016,786619,15300.0,371.0,262.7,26.25058,114.04398,-1216.0,1
442,369.55599999427795,786619,15300.0,371.0,262.7,26.25532,114.04307,-1216.0,1
443,370.3420000076294,786619,15300.0,371.0,262.7,26.26012,114.04213,-1216.0,1
444,370.5350000858307,786619,15300.0,371.0,262.7,26.264909999999997,114.04138,-1216.0,1
445,371.53200006484985,786619,15275.0,372.0,262.7,26.26955,114.03936000000002,-1216.0,1
446,371.5420000553131,786619,15275.0,372.0,262.6,26.26955,114.03936000000002,-1216.0,1
447,372.8200001716614,786619,15250.0,373.0,262.6,26.2743,114.03823999999999,-1216.0,1
448,372.8200001716614,786619,15250.0,373.0,262.6,26.279059999999998,114.03728999999998,-1216.0,1
449,374.3680000305176,786619,15225.0,373.0,262.6,26.28848,114.03412,-1216.0,1
450,375.67700004577637,786619,15200.0,373.0,262.6,26.29802,114.03228999999999,-1216.0,1
451,377.31700015068054,786619,15150.0,374.0,262.6,26.317090000000004,114.02857,-1216.0,1
452,377.31700015068054,786619,15150.0,374.0,262.5,26.317090000000004,114.02857,-1216.0,1
453,379.5039999485016,786619,15125.0,374.0,262.5,26.33128,114.02481,-1216.0,1
454,379.9320001602173,786619,15100.0,374.0,262.5,26.33602,114.02368999999999,-1216.0,1
455,381.02500009536743,786619,15100.0,375.0,262.5,26.3457,114.02298,-1216.0,1
456,381.3770000934601,786619,15075.0,375.0,262.5,26.3457,114.02298,-1216.0,1
457,381.4130001068115,786619,15075.0,375.0,262.5,26.35039,114.0211,-1216.0,1
458,381.4130001068115,786619,15075.0,375.0,262.3,26.35039,114.0211,-1216.0,1
459,381.9720001220703,786619,15075.0,375.0,262.3,26.360159999999997,114.0211,-1216.0,1
460,382.4130001068115,786619,15075.0,376.0,262.3,26.360159999999997,114.0211,-1216.0,1
461,383.0,786619,15050.0,376.0,262.3,26.360159999999997,114.0211,-1216.0,1
462,383.0,786619,15050.0,376.0,262.3,26.36468,114.01831000000001,-1216.0,1
463,383.6579999923706,786619,15050.0,376.0,262.3,26.36947,114.01738,-1216.0,1
464,383.6579999923706,786619,15050.0,376.0,262.4,26.36947,114.01738,-1216.0,1
465,383.92400002479553,786619,15025.0,376.0,262.4,26.37425,114.01661999999999,-1216.0,1
466,385.47300004959106,786619,15000.0,376.0,262.3,26.38379,114.01473999999999,-1216.0,1
467,385.47300004959106,786619,15000.0,376.0,262.3,26.38867,114.01473999999999,-1216.0,1
468,386.2720000743866,786619,14975.0,376.0,262.3,26.39814,114.01231999999999,-1216.0,1
469,388.30800008773804,786619,14950.0,377.0,262.2,26.412370000000003,114.00932,-1216.0,1
470,388.5369999408722,786619,14950.0,377.0,262.2,26.422140000000002,114.00932,-1216.0,1
471,390.12400007247925,786619,14900.0,377.0,262.2,26.4363,114.00538,-1216.0,1
472,392.58200001716614,786619,14850.0,377.0,262.2,26.46016,114.00068,-1216.0,1
473,393.55999994277954,786619,14825.0,377.0,262.2,26.46965,113.99861999999999,-1216.0,1
474,393.7520000934601,786619,14825.0,377.0,262.2,26.47441,113.99768999999999,-1216.0,1
475,394.5199999809265,786619,14825.0,377.0,262.2,26.47441,113.99768999999999,-1152.0,1
476,394.5199999809265,786619,14825.0,377.0,262.2,26.479290000000002,113.99768999999999,-1152.0,1
477,394.6930000782013,786619,14825.0,377.0,262.2,26.484070000000003,113.99673,-1152.0,1
478,395.35599994659424,786619,14800.0,377.0,262.2,26.498540000000002,113.99526000000002,-1152.0,1
479,395.960000038147,786619,14800.0,378.0,262.1,26.50328,113.99413999999999,-1152.0,1
480,396.46200013160706,786619,14775.0,377.0,262.2,26.50804,113.99318999999998,-1152.0,1
481,397.3580000400543,786619,14775.0,377.0,262.4,26.51284,113.99243999999999,-1088.0,1
482,397.9680001735687,786619,14750.0,377.0,262.4,26.52236,113.99038,-1088.0,1
483,399.8800001144409,786619,14725.0,377.0,262.4,26.541420000000002,113.98661000000001,-1088.0,1
484,400.50100016593933,786619,14725.0,377.0,262.4,26.541420000000002,113.98661000000001,-1024.0,1
485,400.81700015068054,786619,14700.0,377.0,262.4,26.550959999999996,113.98473,-1024.0,1
486,401.4170000553131,786619,14700.0,376.0,262.4,26.5557,113.98361000000001,-1024.0,1
487,404.1319999694824,786619,14650.0,376.0,262.4,26.57951,113.97896000000001,-1024.0,1
488,404.64400005340576,786619,14650.0,376.0,262.4,26.57951,113.97896000000001,-960.0,1
489,405.0369999408722,786619,14650.0,376.0,262.4,26.58915,113.97781,-960.0,1
490,405.40700006484985,786619,14625.0,376.0,262.4,26.58915,113.97781,-960.0,1
491,406.8090000152588,786619,14600.0,376.0,262.4,26.59855,113.97481,-960.0,1
492,407.3120000362396,786619,14600.0,376.0,262.3,26.60333,113.9739,-960.0,1
493,407.44200015068054,786619,14600.0,376.0,262.3,26.60809,113.97296999999999,-960.0,1
494,407.6319999694824,786619,14600.0,376.0,262.3,26.61283,113.97182,-960.0,1
495,407.6319999694824,786619,14600.0,376.0,262.4,26.61283,113.97182,-1024.0,1
496,408.94400000572205,786619,14575.0,376.0,262.3,26.617620000000002,113.9709,-1024.0,1
497,409.39400005340576,786619,14575.0,376.0,262.3,26.62714,113.96901000000001,-1024.0,1
498,409.39400005340576,786619,14575.0,375.0,262.3,26.62714,113.96901000000001,-1024.0,1
499,409.58700013160706,786619,14550.0,375.0,262.3,26.631940000000004,113.96825,-1024.0,1
500,411.3680000305176,786619,14525.0,375.0,262.3,26.65115,113.96566000000001,-1024.0,1
501,411.5700001716614,786619,14525.0,375.0,262.5,26.65115,113.96566000000001,-1024.0,1
502,411.5700001716614,786619,14525.0,375.0,262.5,26.655929999999998,113.96473,-1024.0,1
503,413.2610001564026,786619,14500.0,375.0,262.5,26.66068,113.96378,-1024.0,1
504,413.2610001564026,786619,14500.0,375.0,262.5,26.665329999999997,113.96173,-1024.0,1
505,413.7720000743866,786619,14500.0,374.0,262.5,26.665329999999997,113.96173,-1024.0,1
506,415.95500016212463,786619,14450.0,374.0,262.5,26.68915,113.95671000000002,-1024.0,1
507,416.1470000743866,786619,14450.0,374.0,262.5,26.69394,113.95598999999999,-1024.0,1
508,417.40199995040894,786619,14425.0,374.0,262.5,26.703709999999997,113.95598999999999,-1024.0,1
509,417.6340000629425,786619,14425.0,374.0,262.5,26.70836,113.95411000000001,-1024.0,1
510,417.875,786619,14425.0,374.0,262.5,26.713109999999997,113.95298999999999,-1024.0,1
511,418.9839999675751,786619,14400.0,374.0,262.4,26.72273,113.95187,-1088.0,1
512,419.32400012016296,786619,14400.0,374.0,262.6,26.72273,113.95187,-1088.0,1
513,419.5069999694824,786619,14400.0,373.0,262.6,26.72273,113.95187,-1088.0,1
514,421.50800013542175,786619,14375.0,373.0,262.6,26.746609999999997,113.94725,-1024.0,1
515,421.50800013542175,786619,14375.0,373.0,262.6,26.751409999999996,113.9465,-1024.0,1
516,422.01900005340576,786619,14375.0,372.0,262.8,26.751409999999996,113.9465,-1024.0,1
517,422.8340001106262,786619,14350.0,373.0,262.8,26.761059999999997,113.94556999999999,-1024.0,1
518,423.529000043869,786619,14350.0,372.0,262.8,26.765690000000003,113.9435,-1024.0,1
519,424.3710000514984,786619,14325.0,372.0,262.8,26.780179999999998,113.94185,-1024.0,1
520,424.58700013160706,786619,14325.0,373.0,262.6,26.780179999999998,113.94185,-1024.0,1
521,424.58700013160706,786619,14325.0,373.0,262.6,26.78507,113.94185,-1024.0,1
522,426.87199997901917,786619,14275.0,373.0,262.6,26.80398,113.93681000000001,-1024.0,1
523,427.8970000743866,786619,14250.0,373.0,262.6,26.818309999999997,113.93422,-1024.0,1
524,429.49900007247925,786619,14250.0,373.0,262.6,26.83274,113.93236999999999,-1024.0,1
525,433.19200015068054,786619,14200.0,373.0,262.6,26.85646,113.9266,-1024.0,1
526,435.13700008392334,786619,14125.0,373.0,262.6,26.875320000000002,113.92083000000001,-1024.0,1
527,435.5529999732971,786619,14125.0,373.0,262.6,26.880209999999998,113.92083000000001,-1024.0,1
528,436.69200015068054,786619,14100.0,373.0,262.6,26.89456,113.91805,-1024.0,1
529,437.7850000858307,786619,14100.0,372.0,262.8,26.899340000000002,113.91734,-1024.0,1
530,439.7090001106262,786619,14075.0,372.0,262.8,26.92316,113.91251000000001,-1024.0,1
531,440.10000014305115,786619,14075.0,372.0,262.8,26.92805,113.91251000000001,-1024.0,1
532,440.3070001602173,786619,14050.0,372.0,262.8,26.93283,113.91158999999999,-1024.0,1
533,440.3070001602173,786619,14050.0,372.0,262.8,26.93771,113.91158999999999,-1024.0,1
534,441.5970001220703,786619,14050.0,372.0,262.8,26.947390000000002,113.91068,-1024.0,1
535,442.15700006484985,786619,14025.0,372.0,262.8,26.956840000000003,113.90808,-1024.0,1
536,442.58200001716614,786619,14000.0,372.0,262.7,26.961579999999998,113.90696000000001,-1024.0,1
537,442.9680001735687,786619,14000.0,372.0,262.7,26.96642,113.9062,-1024.0,1
538,443.4119999408722,786619,14000.0,372.0,262.7,26.9713,113.9062,-1024.0,1
539,443.72699999809265,786619,14000.0,372.0,262.6,26.976059999999997,113.9053,-1024.0,1
540,444.55999994277954,786619,14000.0,372.0,262.6,26.98572,113.90437,-1024.0,1
541,444.6560001373291,786619,13975.0,372.0,262.6,26.990470000000002,113.90325,-1024.0,1
542,444.6560001373291,786619,13975.0,371.0,262.7,26.990470000000002,113.90325,-1024.0,1
543,445.4520001411438,786619,13975.0,371.0,262.7,27.0,113.90137,-1024.0,1
544,447.2920000553131,786619,13950.0,371.0,262.7,27.0144,113.89901,-1024.0,1
545,448.47699999809265,786619,13925.0,370.0,262.7,27.023940000000003,113.89711000000001,-1024.0,1
546,449.6730000972748,786619,13900.0,370.0,262.7,27.043059999999997,113.89381999999999,-1024.0,1
547,451.0550000667572,786619,13875.0,370.0,262.7,27.05265,113.89216,-1024.0,1
548,451.5510001182556,786619,13850.0,370.0,262.7,27.06223,113.89047,-1024.0,1
549,451.5510001182556,786619,13850.0,370.0,262.9,27.06223,113.89047,-1024.0,1
550,451.5510001182556,786619,13850.0,370.0,262.7,27.06223,113.89047,-1088.0,1
551,451.5510001182556,786619,13875.0,370.0,262.7,27.0672,113.89121999999999,-1088.0,1
552,452.0770001411438,786619,13850.0,370.0,262.7,27.07191,113.88956999999999,-1088.0,1
553,452.0970001220703,786619,13850.0,370.0,262.9,27.07191,113.88956999999999,-1088.0,1
554,453.35199999809265,786619,13850.0,370.0,263.1,27.0767,113.88861999999999,-1088.0,1
555,453.35199999809265,786619,13825.0,370.0,263.1,27.08144,113.88774,-1088.0,1
556,453.5240001678467,786619,13825.0,370.0,263.1,27.08628,113.88677,-1088.0,1
557,454.0169999599457,786619,13825.0,370.0,263.2,27.091070000000002,113.88608,-1088.0,1
558,454.5570001602173,786619,13825.0,369.0,264.1,27.091070000000002,113.88608,-1088.0,1
559,455.09800004959106,786619,13800.0,369.0,264.1,27.100659999999998,113.88401999999999,-1088.0,1
560,455.9720001220703,786619,13800.0,369.0,264.9,27.100659999999998,113.88401999999999,-1088.0,1
561,456.6419999599457,786619,13775.0,369.0,264.9,27.110290000000003,113.88238,-1088.0,1
562,457.10400009155273,786619,13775.0,369.0,264.9,27.11508,113.88053000000001,-1088.0,1
563,457.10400009155273,786619,13775.0,369.0,265.8,27.11508,113.88053000000001,-1088.0,1
564,458.2760000228882,786619,13750.0,368.0,266.9,27.119870000000002,113.87884,-1088.0,1
565,458.2760000228882,786619,13750.0,368.0,266.9,27.12475,113.87884,-1088.0,1
566,459.81500005722046,786619,13725.0,368.0,266.9,27.13448,113.87534,-1088.0,1
567,459.81500005722046,786619,13725.0,368.0,269.4,27.13448,113.87534,-1088.0,1
568,460.2810001373291,786619,13725.0,368.0,269.4,27.139359999999996,113.87534,-1088.0,1
569,460.7170000076294,786619,13700.0,368.0,269.4,27.14917,113.87329,-1088.0,1
570,460.7170000076294,786619,13700.0,368.0,270.9,27.14917,113.87329,-1088.0,1
571,461.81700015068054,786619,13700.0,368.0,272.3,27.14917,113.87329,-1088.0,1
572,462.73200011253357,786619,13675.0,368.0,272.3,27.15904,113.87053999999999,-1088.0,1
573,462.73200011253357,786619,13675.0,366.0,273.8,27.15904,113.87053999999999,-1088.0,1
574,463.8310000896454,786619,13650.0,366.0,273.8,27.169040000000003,113.8678,-1088.0,1
575,463.8310000896454,786619,13650.0,366.0,275.2,27.169040000000003,113.8678,-1088.0,1
576,463.90700006484985,786619,13650.0,366.0,275.2,27.173920000000003,113.8678,-1088.0,1
577,465.10599994659424,786619,13650.0,366.0,276.3,27.173920000000003,113.8678,-1088.0,1
578,465.10599994659424,786619,13625.0,366.0,276.3,27.17898,113.86596999999999,-1088.0,1
579,465.29900002479553,786619,13625.0,366.0,276.3,27.183870000000002,113.86596999999999,-1088.0,1
580,465.80800008773804,786619,13625.0,366.0,276.3,27.18903,113.86395,-1088.0,1
581,465.9720001220703,786619,13625.0,366.0,277.7,27.18903,113.86395,-1088.0,1
582,466.1360001564026,786619,13600.0,366.0,277.7,27.18903,113.86395,-1088.0,1
583,466.7239999771118,786619,13600.0,365.0,279.0,27.18903,113.86395,-1024.0,1
584,466.83200001716614,786619,13600.0,365.0,279.0,27.19415,113.86236000000001,-1024.0,1
585,468.76399993896484,786619,13600.0,364.0,281.6,27.203909999999997,113.86236000000001,-1024.0,1
586,468.76399993896484,786619,13575.0,364.0,281.6,27.20925,113.85966,-1024.0,1
587,469.52300000190735,786619,13550.0,364.0,281.6,27.21925,113.85856000000001,-1024.0,1
588,469.7520000934601,786619,13550.0,364.0,281.6,27.22427,113.85786,-1024.0,1
589,470.55200004577637,786619,13550.0,364.0,282.7,27.234270000000002,113.85681000000001,-1024.0,1
590,470.55200004577637,786619,13550.0,364.0,282.9,27.234270000000002,113.85681000000001,-1024.0,1
591,471.154000043869,786619,13550.0,363.0,284.0,27.234270000000002,113.85681000000001,-1088.0,1
592,471.154000043869,786619,13525.0,363.0,284.0,27.239559999999997,113.85501000000001,-1088.0,1
593,472.46600008010864,786619,13500.0,363.0,285.3,27.24997,113.85257,-1088.0,1
594,472.46600008010864,786619,13500.0,363.0,286.6,27.24997,113.85257,-1024.0,1
595,473.67000007629395,786619,13475.0,363.0,286.6,27.26039,113.8503,-1024.0,1
596,474.60400009155273,786619,13475.0,362.0,287.8,27.26554,113.84947,-1024.0,1
597,474.60400009155273,786619,13475.0,362.0,289.2,27.26554,113.84947,-1088.0,1
598,475.3070001602173,786619,13450.0,362.0,289.2,27.27583,113.84791000000001,-1088.0,1
599,475.53200006484985,786619,13450.0,362.0,289.2,27.28097,113.84707,-1088.0,1
600,476.83700013160706,786619,13450.0,361.0,290.4,27.291040000000002,113.84623,-1024.0,1
601,477.1160001754761,786619,13425.0,361.0,290.4,27.29658,113.84455,-1024.0,1
602,477.4320001602173,786619,13425.0,361.0,291.4,27.29658,113.84455,-1024.0,1
603,477.7720000743866,786619,13425.0,361.0,291.4,27.301790000000004,113.84368,-1024.0,1
604,478.0240001678467,786619,13400.0,361.0,292.9,27.306990000000003,113.84288000000001,-1024.0,1
605,478.0240001678467,786619,13425.0,361.0,292.9,27.306990000000003,113.84288000000001,-1024.0,1
606,478.4920001029968,786619,13400.0,361.0,292.9,27.31188,113.84288000000001,-1024.0,1
607,478.4920001029968,786619,13400.0,362.0,292.9,27.31188,113.84288000000001,-1024.0,1
608,479.6340000629425,786619,13400.0,360.0,295.4,27.32193,113.84221000000001,-1088.0,1
609,479.6840000152588,786619,13400.0,360.0,295.4,27.32681,113.84221000000001,-1024.0,1
610,480.6100001335144,786619,13375.0,360.0,295.4,27.33281,113.83957,-1088.0,1
611,480.73200011253357,786619,13375.0,360.0,295.4,27.33817,113.8386,-1088.0,1
612,481.3070001602173,786619,13375.0,360.0,296.7,27.34305,113.8386,-1088.0,1
613,481.3070001602173,786619,13350.0,360.0,296.7,27.34822,113.83798999999999,-1088.0,1
614,482.5480000972748,786619,13350.0,360.0,297.8,27.353609999999996,113.83703,-1024.0,1
615,483.26399993896484,786619,13350.0,360.0,299.1,27.359170000000002,113.83559,-1024.0,1
616,483.26399993896484,786619,13325.0,360.0,299.1,27.36406,113.83559,-1024.0,1
617,483.5130000114441,786619,13325.0,360.0,300.3,27.36406,113.83559,-1088.0,1
618,484.4800000190735,786619,13325.0,359.0,301.6,27.3747,113.83403999999999,-1024.0,1
619,485.4800000190735,786619,13275.0,359.0,301.6,27.38035,113.83265,-1024.0,1
620,486.2720000743866,786619,13275.0,359.0,301.6,27.39682,113.8296,-1024.0,1
621,487.10199999809265,786619,13275.0,360.0,301.5,27.401709999999998,113.8296,-1024.0,1
622,487.10199999809265,786619,13275.0,359.0,304.2,27.401709999999998,113.8296,-1024.0,1
623,487.38700008392334,786619,13275.0,359.0,305.4,27.401709999999998,113.8296,-1024.0,1
624,488.47300004959106,786619,13225.0,359.0,305.4,27.41327,113.82685,-960.0,1
625,488.47300004959106,786619,13225.0,359.0,305.4,27.418159999999997,113.82685,-1024.0,1
626,488.91799998283386,786619,13225.0,359.0,305.4,27.42346,113.82625,-1024.0,1
627,489.2369999885559,786619,13225.0,359.0,305.4,27.428759999999997,113.8257,-1024.0,1
628,489.8420000076294,786619,13200.0,358.0,306.6,27.428759999999997,113.8257,-960.0,1
629,489.8900001049042,786619,13200.0,358.0,306.6,27.43423,113.82485,-960.0,1
630,490.4340000152588,786619,13200.0,358.0,307.9,27.439659999999996,113.82411,-1024.0,1
631,491.172000169754,786619,13200.0,357.0,308.8,27.439659999999996,113.82411,-1024.0,1
632,491.172000169754,786619,13200.0,357.0,308.8,27.445059999999998,113.82345,-1024.0,1
633,491.2239999771118,786619,13200.0,357.0,308.8,27.45035,113.82285,-1024.0,1
634,491.74399995803833,786619,13175.0,357.0,308.8,27.455759999999998,113.82217,-1088.0,1
635,491.74399995803833,786619,13200.0,357.0,308.8,27.46064,113.82217,-1088.0,1
636,492.24699997901917,786619,13200.0,357.0,309.7,27.46064,113.82217,-1088.0,1
637,492.8970000743866,786619,13175.0,357.0,310.2,27.466179999999998,113.82136000000001,-1088.0,1
638,494.15300011634827,786619,13150.0,356.0,310.8,27.476370000000003,113.8208,-1088.0,1
639,494.3600001335144,786619,13125.0,356.0,310.8,27.48804,113.81836000000001,-1088.0,1
640,495.0240001678467,786619,13125.0,356.0,310.8,27.493579999999998,113.81755,-1088.0,1
641,495.23200011253357,786619,13125.0,356.0,311.0,27.493579999999998,113.81755,-1088.0,1
642,495.58000016212463,786619,13125.0,356.0,311.0,27.49902,113.81686,-1088.0,1
643,495.94900012016296,786619,13125.0,356.0,311.2,27.49902,113.81686,-1088.0,1
644,496.58000016212463,786619,13100.0,356.0,311.2,27.50931,113.81622,-1088.0,1
645,496.7650001049042,786619,13100.0,355.0,311.2,27.514190000000003,113.81622,-1088.0,1
646,497.49900007247925,786619,13100.0,355.0,311.1,27.52018,113.81485,-1088.0,1
647,498.404000043869,786619,13075.0,356.0,311.1,27.52559,113.81416000000002,-1088.0,1
648,498.404000043869,786619,13075.0,356.0,311.1,27.53047,113.81416000000002,-1088.0,1
649,498.404000043869,786619,13075.0,355.0,311.0,27.53047,113.81416000000002,-1152.0,1
650,498.404000043869,786619,13075.0,355.0,311.0,27.53623,113.81312,-1152.0,1
651,500.6619999408722,786619,13025.0,355.0,311.0,27.553040000000003,113.81042,-1152.0,1
652,501.3120000362396,786619,13025.0,354.0,310.9,27.557920000000003,113.81042,-1216.0,1
653,501.768000125885,786619,13000.0,354.0,310.6,27.563670000000002,113.80932,-1152.0,1
654,503.1619999408722,786619,12975.0,354.0,310.6,27.575129999999998,113.80717,-1152.0,1
655,503.97300004959106,786619,12975.0,353.0,310.6,27.581220000000002,113.80568999999998,-1088.0,1
656,503.97300004959106,786619,12950.0,353.0,310.6,27.5861,113.80568999999998,-1088.0,1
657,504.77699995040894,786619,12950.0,353.0,310.6,27.59153,113.80503,-1088.0,1
658,504.8120000362396,786619,12950.0,352.0,310.5,27.59153,113.80503,-1024.0,1
659,505.5570001602173,786619,12950.0,352.0,310.5,27.60667,113.80431999999999,-1024.0,1
660,506.0940001010895,786619,12925.0,352.0,310.5,27.61243,113.80325,-1024.0,1
661,506.0940001010895,786619,12925.0,351.0,310.4,27.61243,113.80325,-960.0,1
662,507.1560001373291,786619,12900.0,351.0,310.4,27.622809999999998,113.80243999999999,-960.0,1
663,507.1560001373291,786619,12900.0,351.0,310.4,27.62834,113.80168,-960.0,1
664,507.4260001182556,786619,12900.0,351.0,310.4,27.63376,113.80098000000001,-960.0,1
665,508.34800004959106,786619,12900.0,350.0,310.4,27.63918,113.8003,-960.0,1
666,508.41100001335144,786619,12875.0,350.0,310.4,27.64449,113.79978999999999,-960.0,1
667,509.3860001564026,786619,12875.0,349.0,310.4,27.65475,113.79913,-960.0,1
668,510.32800006866455,786619,12850.0,349.0,310.4,27.66599,113.79723999999999,-960.0,1
669,510.97699999809265,786619,12850.0,349.0,310.4,27.67152,113.79643999999999,-960.0,1
670,511.17000007629395,786619,12825.0,349.0,310.4,27.67704,113.79563999999999,-960.0,1
671,512.824000120163,786619,12825.0,347.0,310.3,27.6877,113.79445,-1024.0,1
672,512.824000120163,786619,12825.0,346.0,310.3,27.6877,113.79445,-1024.0,1
673,512.824000120163,786619,12800.0,346.0,310.3,27.69323,113.79364,-1024.0,1
674,514.6280000209808,786619,12800.0,345.0,310.3,27.69915,113.79231999999999,-1088.0,1
675,514.6280000209808,786619,12800.0,344.0,310.3,27.69915,113.79231999999999,-1088.0,1
676,514.6280000209808,786619,12775.0,344.0,310.3,27.70457,113.79168999999999,-1088.0,1
677,515.7880001068115,786619,12775.0,344.0,310.2,27.70986,113.79113999999998,-1088.0,1
678,516.5410001277924,786619,12750.0,344.0,310.2,27.72077,113.78971999999999,-1088.0,1
679,517.0880000591278,786619,12750.0,343.0,310.3,27.726029999999998,113.78916000000001,-1088.0,1
680,517.0880000591278,786619,12750.0,343.0,310.3,27.73146,113.7885,-1088.0,1
681,518.1800000667572,786619,12725.0,344.0,310.1,27.73682,113.78783999999999,-1088.0,1
682,518.1800000667572,786619,12725.0,344.0,310.1,27.741709999999998,113.78783999999999,-1088.0,1
683,518.1800000667572,786619,12725.0,344.0,310.1,27.74659,113.78783999999999,-1088.0,1
684,519.0510001182556,786619,12700.0,344.0,310.1,27.75292,113.78601,-1088.0,1
685,519.8220000267029,786619,12700.0,341.0,310.1,27.758309999999998,113.78535,-1152.0,1
686,520.7510001659393,786619,12675.0,341.0,310.1,27.7692,113.78393,-1152.0,1
687,520.7520000934601,786619,12675.0,340.0,310.1,27.7692,113.78393,-1152.0,1
688,520.7520000934601,786619,12675.0,340.0,310.1,27.774079999999998,113.78393,-1152.0,1
689,521.4019999504089,786619,12650.0,340.0,310.1,27.779909999999997,113.78275,-1152.0,1
690,521.9400000572205,786619,12650.0,340.0,310.1,27.785290000000003,113.78209,-1152.0,1
691,522.6019999980927,786619,12650.0,339.0,310.1,27.785290000000003,113.78209,-1216.0,1
692,522.6019999980927,786619,12650.0,339.0,310.1,27.79068,113.78146000000001,-1216.0,1
693,523.8600001335144,786619,12625.0,338.0,310.1,27.80145,113.78016000000001,-1216.0,1
694,524.7360000610352,786619,12600.0,338.0,310.1,27.81213,113.77899,-1216.0,1
695,524.7360000610352,786619,12600.0,338.0,310.1,27.817009999999996,113.77899,-1216.0,1
696,525.712000131607,786619,12575.0,337.0,310.1,27.82282,113.77781,-1152.0,1
697,528.5529999732971,786619,12525.0,336.0,310.2,27.8405,113.77396,-1152.0,1
698,528.5529999732971,786619,12525.0,336.0,310.2,27.84586,113.7733,-1152.0,1
699,529.8780000209808,786619,12500.0,336.0,310.2,27.85135,113.77253,-1088.0,1
700,529.8780000209808,786619,12500.0,336.0,310.2,27.85623,113.77253,-1088.0,1
701,530.6310000419617,786619,12475.0,336.0,310.2,27.86275,113.7705,-1088.0,1
702,533.3600001335144,786619,12450.0,332.0,310.2,27.87401,113.76857,-1088.0,1
703,533.3600001335144,786619,12450.0,332.0,310.2,27.8794,113.76795,-1088.0,1
704,533.3619999885559,786619,12425.0,332.0,310.2,27.8794,113.76795,-1088.0,1
705,533.3619999885559,786619,12450.0,332.0,310.2,27.88428,113.76795,-1088.0,1
706,534.0700001716614,786619,12425.0,332.0,310.2,27.88428,113.76795,-1088.0,1
707,534.2320001125336,786619,12425.0,332.0,310.2,27.89015,113.76668000000001,-1088.0,1
708,534.8970000743866,786619,12425.0,331.0,310.2,27.89015,113.76668000000001,-1088.0,1
709,535.7079999446869,786619,12400.0,331.0,310.2,27.900890000000004,113.76541,-1088.0,1
710,538.0039999485016,786619,12375.0,328.0,310.2,27.91218,113.76348,-1024.0,1
711,538.0039999485016,786619,12350.0,328.0,310.2,27.91853,113.7616,-1024.0,1
712,540.7869999408722,786619,12300.0,328.0,310.2,27.93132,113.75768000000001,-1024.0,1
713,540.7869999408722,786619,12300.0,327.0,310.2,27.93132,113.75768000000001,-1024.0,1
714,540.7869999408722,786619,12300.0,327.0,310.2,27.93132,113.75768000000001,-960.0,1
715,541.3860001564026,786619,12300.0,327.0,310.2,27.935609999999997,113.75843,-960.0,1
716,541.3860001564026,786619,12300.0,327.0,310.2,27.9416,113.75707,-960.0,1
717,541.8860001564026,786619,12300.0,326.0,310.1,27.9416,113.75707,-960.0,1
718,541.8860001564026,786619,12300.0,326.0,310.1,27.94698,113.75644,-960.0,1
719,544.6119999885559,786619,12250.0,326.0,310.1,27.95425,113.75331000000001,-960.0,1
720,545.2200000286102,786619,12250.0,324.0,310.0,27.95425,113.75331000000001,-896.0,1
721,545.2200000286102,786619,12250.0,324.0,310.0,27.959629999999997,113.75268999999999,-896.0,1
722,546.5759999752045,786619,12225.0,323.0,310.0,27.96589,113.75093999999999,-960.0,1
723,547.4530000686646,786619,12225.0,323.0,310.0,27.97123,113.75036000000001,-960.0,1
724,547.4530000686646,786619,12225.0,322.0,310.1,27.97123,113.75036000000001,-896.0,1
725,548.0490000247955,786619,12225.0,322.0,310.1,27.97123,113.75036000000001,-960.0,1
726,549.0310001373291,786619,12200.0,322.0,310.1,27.978070000000002,113.74786,-960.0,1
727,549.0310001373291,786619,12200.0,321.0,310.1,27.978070000000002,113.74786,-960.0,1
728,550.9990000724792,786619,12150.0,320.0,310.1,27.984859999999998,113.74542,-960.0,1
729,551.7639999389648,786619,12150.0,320.0,310.2,27.984859999999998,113.74542,-896.0,1
730,551.7639999389648,786619,12150.0,319.0,310.2,27.984859999999998,113.74542,-896.0,1
731,553.1280000209808,786619,12125.0,319.0,310.2,28.00142,113.74293,-896.0,1
732,553.1280000209808,786619,12125.0,319.0,310.2,28.00631,113.74293,-896.0,1
733,553.1280000209808,786619,12125.0,318.0,310.1,28.00631,113.74293,-896.0,1
734,555.0420000553131,786619,12100.0,317.0,310.1,28.017940000000003,113.74051000000001,-832.0,1
735,556.0840001106262,786619,12100.0,316.0,310.1,28.017940000000003,113.74051000000001,-832.0,1
736,556.0840001106262,786619,12100.0,316.0,310.1,28.0237,113.73941,-832.0,1
737,556.9560000896454,786619,12075.0,316.0,310.1,28.02913,113.73871000000001,-832.0,1
738,556.9570000171661,786619,12075.0,315.0,310.0,28.02913,113.73871000000001,-832.0,1
739,556.9570000171661,786619,12075.0,315.0,310.0,28.03402,113.73871000000001,-832.0,1
740,557.3919999599457,786619,12075.0,315.0,310.0,28.039859999999997,113.73746000000001,-832.0,1
741,558.7469999790192,786619,12050.0,316.0,309.9,28.051059999999996,113.73566000000001,-832.0,1
742,560.5590000152588,786619,12050.0,313.0,310.1,28.051059999999996,113.73566000000001,-832.0,1
743,560.5590000152588,786619,12050.0,313.0,310.1,28.055940000000003,113.73566000000001,-832.0,1
744,561.3200001716614,786619,12025.0,313.0,310.1,28.062790000000003,113.73312,-832.0,1
745,561.3200001716614,786619,12025.0,313.0,310.1,28.06822,113.73241999999999,-832.0,1
746,561.922000169754,786619,12000.0,313.0,310.1,28.06822,113.73241999999999,-832.0,1
747,565.0369999408722,786619,11975.0,313.0,310.1,28.06822,113.73241999999999,-832.0,1
748,565.0369999408722,786619,11975.0,310.0,309.9,28.06822,113.73241999999999,-768.0,1
749,565.9079999923706,786619,11950.0,310.0,309.9,28.076990000000002,113.72737,-768.0,1
750,566.4609999656677,786619,11950.0,310.0,309.9,28.08225,113.72691999999999,-768.0,1
751,568.9690001010895,786619,11950.0,308.0,309.9,28.08225,113.72691999999999,-640.0,1
752,568.9690001010895,786619,11925.0,308.0,309.9,28.08225,113.72691999999999,-640.0,1
753,571.1519999504089,786619,11900.0,308.0,309.9,28.08225,113.72691999999999,-640.0,1
754,573.3440001010895,786619,11875.0,308.0,309.9,28.08225,113.72691999999999,-640.0,1
755,573.3440001010895,786619,11875.0,308.0,309.9,28.093629999999997,113.71857,-640.0,1
756,573.933000087738,786619,11875.0,308.0,309.9,28.09897,113.71798000000001,-640.0,1
757,574.8740000724792,786619,11875.0,308.0,309.9,28.104329999999997,113.7174,-640.0,1
758,574.8740000724792,786619,11875.0,304.0,310.1,28.104329999999997,113.7174,-576.0,1
759,574.875,786619,11875.0,302.0,310.2,28.104329999999997,113.7174,-576.0,1
760,575.7410001754761,786619,11850.0,302.0,310.3,28.1102,113.71609,-576.0,1
761,578.4680001735687,786619,11825.0,302.0,310.3,28.12783,113.71231,-576.0,1
762,579.9479999542236,786619,11825.0,299.0,310.4,28.12783,113.71231,-640.0,1
763,579.9479999542236,786619,11825.0,299.0,310.4,28.13396,113.71068000000001,-640.0,1
764,581.4790000915527,786619,11800.0,299.0,310.4,28.13965,113.70964,-640.0,1
765,581.4790000915527,786619,11800.0,299.0,310.3,28.13965,113.70964,-768.0,1
766,582.7929999828339,786619,11775.0,299.0,310.3,28.14633,113.7074,-768.0,1
767,584.2550001144409,786619,11775.0,296.0,310.4,28.14633,113.7074,-1152.0,1
768,588.2009999752045,786619,11775.0,295.0,310.5,28.15121,113.7074,-1536.0,1
769,589.6570000648499,786619,11625.0,295.0,310.5,28.161929999999998,113.7,-1600.0,1
770,590.2620000839233,786619,11600.0,295.0,310.5,28.1725,113.69901000000002,-1600.0,1
771,591.2550001144409,786619,11600.0,295.0,310.6,28.1725,113.69901000000002,-1536.0,1
772,591.2550001144409,786619,11600.0,295.0,310.6,28.177390000000003,113.69901000000002,-1536.0,1
773,593.1619999408722,786619,11600.0,295.0,310.6,28.177390000000003,113.69901000000002,-1472.0,1
774,593.8800001144409,786619,11600.0,295.0,310.6,28.177390000000003,113.69901000000002,-1408.0,1
775,593.8800001144409,786619,11525.0,295.0,310.6,28.185,113.69553,-1408.0,1
776,593.8800001144409,786619,11525.0,295.0,310.6,28.189890000000002,113.69553,-1408.0,1
777,593.8800001144409,786619,11525.0,295.0,310.6,28.189890000000002,113.69553,-1472.0,1
778,596.114000082016,786619,11475.0,295.0,310.6,28.196659999999998,113.69317,-1472.0,1
779,596.1150000095367,786619,11475.0,294.0,310.4,28.196659999999998,113.69317,-1344.0,1
780,596.1150000095367,786619,11475.0,294.0,310.4,28.202040000000004,113.69247,-1344.0,1
781,597.0420000553131,786619,11475.0,294.0,310.4,28.202040000000004,113.69247,-1280.0,1
782,600.6460001468658,786619,11375.0,294.0,310.4,28.202040000000004,113.69247,-1280.0,1
783,601.5130000114441,786619,11375.0,292.0,310.4,28.202040000000004,113.69247,-1344.0,1
784,606.3760001659393,786619,11250.0,292.0,310.4,28.21585,113.68118,-1344.0,1
785,606.3760001659393,786619,11225.0,292.0,310.4,28.21585,113.68118,-1344.0,1
786,607.0390000343323,786619,11225.0,292.0,310.4,28.22115,113.68063000000001,-1344.0,1
787,609.1170001029968,786619,11225.0,291.0,310.4,28.22115,113.68063000000001,-1536.0,1
788,609.1170001029968,786619,11175.0,291.0,310.4,28.22115,113.68063000000001,-1536.0,1
789,609.1170001029968,786619,11175.0,291.0,310.4,28.227829999999997,113.67838,-1536.0,1
790,609.1170001029968,786619,11175.0,291.0,310.4,28.233209999999996,113.67773000000001,-1536.0,1
791,609.7050001621246,786619,11150.0,291.0,310.4,28.233209999999996,113.67773000000001,-1536.0,1
792,612.2769999504089,786619,11100.0,291.0,310.4,28.24527,113.67483999999999,-1536.0,1
793,612.8840000629425,786619,11100.0,292.0,310.3,28.24527,113.67483999999999,-1600.0,1
794,612.8840000629425,786619,11075.0,292.0,310.3,28.24527,113.67483999999999,-1600.0,1
795,669.587000131607,786619,11025.0,288.0,309.8,28.25232,113.67203,-960.0,1
796,686.6400001049042,786619,11025.0,280.0,308.3,28.25232,113.67203,-1408.0,1
797,687.6360001564026,786619,11025.0,280.0,307.8,28.25232,113.67203,-1472.0,1
798,690.7410001754761,786619,11025.0,280.0,305.9,28.25232,113.67203,-1728.0,1
799,690.7410001754761,786619,9175.0,280.0,305.9,28.32256,113.58635,-1728.0,1
800,691.837000131607,786619,9150.0,280.0,305.9,28.328259999999997,113.5852,-1728.0,1
801,711.9420001506805,786619,8725.0,280.0,305.9,28.3503,113.56053999999999,-1728.0,1
802,723.4560000896454,786619,8725.0,272.0,285.3,28.3503,113.56053999999999,-1344.0,1
803,727.1119999885559,786619,8400.0,272.0,284.9,28.3503,113.56053999999999,-1280.0,1
804,748.845999956131,786619,8175.0,272.0,284.9,28.3503,113.56053999999999,-1280.0,1
805,765.2810001373291,786619,8075.0,272.0,284.9,28.3503,113.56053999999999,-1280.0,1
806,799.1019999980927,786619,7800.0,272.0,284.9,28.37985,113.45336999999999,-1280.0,1
807,925.8170001506805,786619,7800.0,208.0,194.7,28.37985,113.45336999999999,0.0,1
808,964.2750000953674,786619,7800.0,208.0,194.2,28.37985,113.45336999999999,0.0,1
809,969.2050001621246,786619,7800.0,207.0,194.1,28.37985,113.45336999999999,0.0,1
810,1049.8670001029968,786619,7800.0,207.0,176.7,28.37985,113.45336999999999,-576.0,1
811,1109.8760001659393,786619,5750.0,206.0,176.7,28.37985,113.45336999999999,-576.0,1
812,1168.5800001621246,786619,5750.0,205.0,178.9,28.102590000000003,113.3638,-512.0,1
813,1172.901999950409,786619,5750.0,204.0,179.2,28.102590000000003,113.3638,-512.0,1
814,1174.922000169754,786619,5750.0,204.0,180.6,28.102590000000003,113.3638,-512.0,1
815,1178.715000152588,786619,5750.0,204.0,187.0,28.102590000000003,113.3638,-384.0,1
816,1179.7020001411438,786619,5750.0,204.0,189.3,28.102590000000003,113.3638,-384.0,1
817,1182.779000043869,786619,5500.0,204.0,189.3,28.05919,113.36378,-384.0,1
818,1182.779000043869,786619,5500.0,205.0,196.4,28.05919,113.36378,-448.0,1
819,1183.7450001239777,786619,5500.0,205.0,196.4,28.06328,113.36348999999998,-448.0,1
820,1184.7560000419617,786619,5500.0,205.0,196.4,28.06728,113.36308999999999,-448.0,1
821,1184.7560000419617,786619,5500.0,205.0,201.1,28.06728,113.36308999999999,-448.0,1
822,1185.5320000648499,786619,5475.0,205.0,201.1,28.07129,113.36268000000001,-448.0,1
823,1187.6480000019073,786619,5475.0,205.0,201.1,28.079559999999997,113.36187,-448.0,1
824,1188.4340000152588,786619,5450.0,205.0,201.1,28.083609999999997,113.36136,-448.0,1
825,1189.0360000133514,786619,5450.0,205.0,210.3,28.087979999999998,113.36105,-448.0,1
826,1189.5480000972748,786619,5450.0,206.0,212.1,28.087979999999998,113.36105,-576.0,1
827,1190.5390000343323,786619,5450.0,205.0,213.7,28.087979999999998,113.36105,-576.0,1
828,1190.5390000343323,786619,5425.0,205.0,213.7,28.09168,113.36023,-576.0,1
829,1191.3120000362396,786619,5425.0,205.0,213.7,28.095840000000003,113.35968000000001,-576.0,1
830,1192.2960000038147,786619,5425.0,205.0,213.7,28.09993,113.35911999999999,-576.0,1
831,1192.2960000038147,786619,5425.0,205.0,213.7,28.09993,113.35911999999999,-640.0,1
832,1192.9400000572205,786619,5425.0,205.0,215.7,28.09993,113.35911999999999,-640.0,1
833,1192.9400000572205,786619,5425.0,205.0,215.7,28.104540000000004,113.35887,-640.0,1
834,1193.3280000686646,786619,5425.0,206.0,216.3,28.104540000000004,113.35887,-576.0,1
835,1193.712000131607,786619,5400.0,206.0,216.3,28.104540000000004,113.35887,-576.0,1
836,1194.78400015831,786619,5400.0,206.0,216.3,28.11285,113.35773,-576.0,1
837,1195.1760001182556,786619,5400.0,206.0,217.5,28.11285,113.35773,-448.0,1
838,1195.970999956131,786619,5400.0,205.0,217.5,28.11285,113.35773,-448.0,1
839,1196.3570001125336,786619,5400.0,205.0,217.7,28.11285,113.35773,-448.0,1
840,1197.864000082016,786619,5375.0,205.0,217.8,28.11285,113.35773,-448.0,1
841,1198.2439999580383,786619,5375.0,205.0,217.8,28.115040000000004,113.35551000000001,-448.0,1
842,1198.6310000419617,786619,5375.0,205.0,218.1,28.115040000000004,113.35551000000001,-512.0,1
843,1198.6310000419617,786619,5350.0,205.0,218.1,28.1195,113.35515,-512.0,1
844,1201.6600000858307,786619,5350.0,205.0,218.3,28.13215,113.35343999999999,-512.0,1
845,1205.4360001087189,786619,5300.0,205.0,218.3,28.14388,113.35093,-512.0,1
846,1206.8980000019073,786619,5300.0,205.0,218.3,28.15258,113.35007,-512.0,1
847,1207.6059999465942,786619,5275.0,205.0,218.3,28.1571,113.34974,-512.0,1
848,1208.5950000286102,786619,5275.0,205.0,218.3,28.161179999999998,113.34905,-512.0,1
849,1208.5950000286102,786619,5275.0,204.0,218.1,28.161179999999998,113.34905,-512.0,1
850,1212.7420001029968,786619,5250.0,204.0,218.1,28.187920000000002,113.34691000000001,-512.0,1
851,1213.1280000209808,786619,5225.0,204.0,218.1,28.187920000000002,113.34691000000001,-512.0,1
852,1213.795000076294,786619,5225.0,204.0,218.1,28.196209999999997,113.34563999999999,-512.0,1
853,1214.4969999790192,786619,5225.0,204.0,218.1,28.200809999999997,113.34539,-512.0,1
854,1215.848000049591,786619,5225.0,204.0,218.1,28.21432,113.34445,-512.0,1
855,1216.473000049591,786619,5225.0,204.0,218.3,28.21432,113.34445,-640.0,1
856,1216.473000049591,786619,5200.0,204.0,218.3,28.21875,113.34405,-640.0,1
857,1216.6679999828339,786619,5200.0,204.0,218.3,28.22335,113.3438,-640.0,1
858,1217.25200009346,786619,5200.0,204.0,218.1,28.22335,113.3438,-512.0,1
859,1218.276999950409,786619,5200.0,204.0,218.1,28.232390000000002,113.34315,-448.0,1
860,1219.6400001049042,786619,5200.0,203.0,218.1,28.24179,113.34284,-512.0,1
861,1221.0920000076294,786619,5175.0,203.0,218.1,28.24526,113.34165,-448.0,1
862,1221.7009999752045,786619,5175.0,203.0,218.1,28.24908,113.34075,-448.0,1
863,1221.7009999752045,786619,5175.0,203.0,218.1,28.24908,113.34075,-512.0,1
864,1222.090000152588,786619,5150.0,203.0,218.1,28.24908,113.34075,-512.0,1
865,1226.906000137329,786619,5125.0,203.0,218.2,28.254820000000002,113.33736,-512.0,1
866,1226.906000137329,786619,5125.0,203.0,218.6,28.254820000000002,113.33736,-512.0,1
867,1228.0039999485016,786619,5100.0,203.0,218.6,28.259079999999997,113.33673999999999,-512.0,1
868,1229.0010001659393,786619,5100.0,203.0,218.6,28.26322,113.33608000000001,-512.0,1
869,1230.8159999847412,786619,5100.0,203.0,218.6,28.27171,113.33476,-512.0,1
870,1231.8819999694824,786619,5075.0,203.0,218.6,28.2759,113.33406000000001,-512.0,1
871,1232.8359999656677,786619,5075.0,203.0,227.0,28.2759,113.33406000000001,-320.0,1
872,1234.2690000534058,786619,5075.0,203.0,229.2,28.27927,113.33211000000001,-384.0,1
873,1234.6600000858307,786619,5075.0,203.0,229.2,28.28384,113.33171000000002,-384.0,1
874,1234.6600000858307,786619,5075.0,203.0,231.8,28.28384,113.33171000000002,-384.0,1
875,1235.651999950409,786619,5075.0,203.0,234.2,28.28384,113.33171000000002,-384.0,1
876,1238.6419999599457,786619,5025.0,203.0,238.9,28.28684,113.32855,-448.0,1
877,1239.4100000858307,786619,5025.0,203.0,243.8,28.28684,113.32855,-448.0,1
878,1241.292000055313,786619,5025.0,203.0,248.6,28.28684,113.32855,-448.0,1
879,1241.901999950409,786619,5000.0,203.0,248.6,28.28684,113.32855,-448.0,1
880,1242.3680000305176,786619,5000.0,203.0,248.6,28.29032,113.32491999999999,-448.0,1
881,1242.3680000305176,786619,5000.0,203.0,251.0,28.29032,113.32491999999999,-448.0,1
882,1243.1419999599457,786619,5000.0,203.0,253.4,28.29032,113.32491999999999,-448.0,1
883,1244.4100000858307,786619,5000.0,203.0,253.4,28.29465,113.32298,-448.0,1
884,1245.1879999637604,786619,5000.0,202.0,258.3,28.29465,113.32298,-512.0,1
885,1245.1879999637604,786619,5000.0,202.0,258.3,28.299540000000004,113.32298,-512.0,1
886,1246.2420001029968,786619,4975.0,202.0,258.3,28.30405,113.32098,-512.0,1
887,1248.348000049591,786619,4975.0,202.0,263.5,28.30405,113.32098,-640.0,1
888,1249.5369999408722,786619,4950.0,202.0,263.5,28.3134,113.31766999999999,-640.0,1
889,1250.7480001449585,786619,4925.0,202.0,263.5,28.31819,113.31665,-640.0,1
890,1250.7480001449585,786619,4925.0,202.0,265.5,28.31819,113.31665,-576.0,1
891,1251.763000011444,786619,4925.0,202.0,265.5,28.323040000000002,113.31573,-576.0,1
892,1252.5970001220703,786619,4900.0,202.0,265.5,28.32783,113.31473999999999,-576.0,1
893,1254.3680000305176,786619,4900.0,202.0,265.5,28.33265,113.31278,-512.0,1
894,1254.3680000305176,786619,4900.0,202.0,267.2,28.33265,113.31278,-512.0,1
895,1255.4000000953674,786619,4875.0,202.0,267.2,28.3375,113.31177,-512.0,1
896,1256.4479999542236,786619,4875.0,202.0,267.7,28.3375,113.31177,-512.0,1
897,1260.460000038147,786619,4875.0,202.0,268.0,28.3423,113.31088999999999,-512.0,1
898,1261.2400000095367,786619,4875.0,203.0,268.0,28.3423,113.31088999999999,-512.0,1
899,1261.2400000095367,786619,4825.0,203.0,268.0,28.34705,113.3058,-512.0,1
900,1262.4119999408722,786619,4825.0,203.0,268.0,28.34705,113.3058,-448.0,1
901,1262.6040000915527,786619,4825.0,203.0,268.0,28.351879999999998,113.30435,-448.0,1
902,1264.042000055313,786619,4825.0,203.0,268.0,28.36161,113.30315,-448.0,1
903,1265.2439999580383,786619,4800.0,203.0,268.0,28.36644,113.30255,-512.0,1
904,1267.2469999790192,786619,4775.0,203.0,268.0,28.381,113.2997,-512.0,1
905,1269.6619999408722,786619,4775.0,203.0,268.0,28.395609999999998,113.29726000000001,-512.0,1
906,1270.8580000400543,786619,4750.0,203.0,268.0,28.40043,113.29615,-512.0,1
907,1274.3960001468658,786619,4750.0,203.0,268.0,28.4102,113.29575,-512.0,1
908,1274.840000152588,786619,4725.0,203.0,268.0,28.414959999999997,113.29216000000001,-512.0,1
909,1275.111999988556,786619,4725.0,203.0,268.0,28.419829999999997,113.29168,-512.0,1
910,1275.9119999408722,786619,4725.0,202.0,268.0,28.419829999999997,113.29168,-512.0,1
911,1276.555999994278,786619,4725.0,202.0,268.0,28.419829999999997,113.29168,-448.0,1
912,1276.555999994278,786619,4700.0,202.0,268.0,28.419829999999997,113.29168,-448.0,1
913,1276.9509999752045,786619,4700.0,202.0,268.0,28.424690000000002,113.28997,-448.0,1
914,1277.3470001220703,786619,4700.0,202.0,268.0,28.429540000000003,113.28943999999998,-448.0,1
915,1278.5800001621246,786619,4700.0,202.0,268.0,28.439290000000003,113.28891999999999,-512.0,1
916,1280.8380000591278,786619,4675.0,202.0,268.0,28.458740000000002,113.28607,-512.0,1
917,1281.8780000209808,786619,4675.0,202.0,268.1,28.458740000000002,113.28607,-512.0,1
918,1281.8780000209808,786619,4675.0,202.0,268.1,28.463620000000002,113.28607,-512.0,1
919,1282.7309999465942,786619,4650.0,202.0,268.3,28.468459999999997,113.28466999999999,-448.0,1
920,1285.1900000572205,786619,4650.0,202.0,268.3,28.483040000000003,113.28171,-448.0,1
921,1285.795000076294,786619,4625.0,202.0,268.3,28.4879,113.28083000000001,-448.0,1
922,1286.5840001106262,786619,4625.0,202.0,268.0,28.4879,113.28083000000001,-512.0,1
923,1286.9690001010895,786619,4625.0,202.0,268.0,28.492759999999997,113.27972,-512.0,1
924,1287.5840001106262,786619,4625.0,202.0,268.0,28.492759999999997,113.27972,-448.0,1
925,1287.5840001106262,786619,4625.0,202.0,268.0,28.49762,113.27918000000001,-448.0,1
926,1287.9830000400543,786619,4625.0,202.0,268.0,28.50246,113.27878,-448.0,1
927,1288.6619999408722,786619,4600.0,202.0,268.0,28.50735,113.27818,-448.0,1
928,1289.6370000839233,786619,4600.0,202.0,267.9,28.5122,113.27708,-448.0,1
929,1290.228000164032,786619,4600.0,202.0,267.9,28.51704,113.27646999999999,-448.0,1
930,1290.6930000782013,786619,4600.0,202.0,268.0,28.51704,113.27646999999999,-512.0,1
931,1293.180999994278,786619,4575.0,202.0,268.0,28.526740000000004,113.27354,-512.0,1
932,1293.6679999828339,786619,4575.0,202.0,268.0,28.5316,113.27301000000001,-512.0,1
933,1294.1110000610352,786619,4575.0,202.0,268.0,28.536479999999997,113.2726,-448.0,1
934,1295.0120000839233,786619,4550.0,202.0,268.0,28.5462,113.27158999999999,-512.0,1
935,1296.268000125885,786619,4550.0,202.0,268.0,28.5462,113.27158999999999,-448.0,1
936,1296.268000125885,786619,4550.0,202.0,268.0,28.551040000000004,113.27056999999999,-448.0,1
937,1297.4420001506805,786619,4525.0,202.0,268.0,28.55593,113.26914,-384.0,1
938,1297.4420001506805,786619,4525.0,202.0,268.0,28.55593,113.26914,-576.0,1
939,1299.9360001087189,786619,4525.0,202.0,268.0,28.55593,113.26914,-512.0,1
940,1299.9360001087189,786619,4525.0,202.0,268.0,28.5607,113.26665,-512.0,1
941,1300.5570001602173,786619,4500.0,202.0,268.0,28.565590000000004,113.266,-512.0,1
